StartDate,EndDate,Status,IPAddress,Progress,Duration (in seconds),Finished,RecordedDate,ResponseId,RecipientLastName,RecipientFirstName,RecipientEmail,ExternalReference,LocationLatitude,LocationLongitude,DistributionChannel,UserLanguage,Â ,Q2,Q3,Q16,Q16_DO,blocknumber,FL_49_DO
Start Date,End Date,Response Type,IP Address,Progress,Duration (in seconds),Finished,Recorded Date,Response ID,Recipient Last Name,Recipient First Name,Recipient Email,External Data Reference,Location Latitude,Location Longitude,Distribution Channel,User Language,"This survey aims to research the consumers' attitude towards privacy when they purchase a web application. Please fill questions following instructions.
Q1. How old are you?",Q2. What is your gender?,Q3. What is the highest degree or level of education you have completed?,Q4. Which combination of features would you choose?,Q4. Which combination of features would you choose? - Display Order,blocknumber,FL_49 - Block Randomizer - Display Order
"{""ImportId"":""startDate"",""timeZone"":""America/Denver""}","{""ImportId"":""endDate"",""timeZone"":""America/Denver""}","{""ImportId"":""status""}","{""ImportId"":""ipAddress""}","{""ImportId"":""progress""}","{""ImportId"":""duration""}","{""ImportId"":""finished""}","{""ImportId"":""recordedDate"",""timeZone"":""America/Denver""}","{""ImportId"":""_recordId""}","{""ImportId"":""recipientLastName""}","{""ImportId"":""recipientFirstName""}","{""ImportId"":""recipientEmail""}","{""ImportId"":""externalDataReference""}","{""ImportId"":""locationLatitude""}","{""ImportId"":""locationLongitude""}","{""ImportId"":""distributionChannel""}","{""ImportId"":""userLanguage""}","{""ImportId"":""QID1""}","{""ImportId"":""QID2""}","{""ImportId"":""QID3""}","{""ImportId"":""QID20""}","{""ImportId"":""QID20_DO""}","{""ImportId"":""blocknumber""}","{""ImportId"":""FL_49_DO""}"
2021-11-18 11:27:56,2021-11-18 11:29:33,IP Address,128.237.82.10,100,97,True,2021-11-18 11:29:33,R_1GjuUFTwNtTTR5f,,,,,40.4441986083984375,-79.9557037353515625,anonymous,EN,25-29,Female,Bachelor's (or 4-year) degree,InstaPro with No Sharing + Metadata Only + Complete Control features ($3/month),InstaPro with No Sharing + Metadata Only features ($2/month)|InstaPro with No Sharing feature ($1/month)|InstaPro with No Sharing + Metadata Only + Complete Control features ($3/month)|InstaPro with no add-ons (free),7,Treatment2
2021-11-18 11:34:20,2021-11-18 11:35:35,IP Address,174.242.34.152,100,74,True,2021-11-18 11:35:35,R_1msohuSNNaWPB9T,,,,,40.5457000732421875,-80.0507965087890625,anonymous,EN,25-29,Male,"Master's degree, Ph.D, or higher",InstaPro with no add-ons (free),InstaPro with No Sharing feature ($1/month)|InstaPro with No Sharing + Metadata Only features ($2/month)|InstaPro with no add-ons (free)|InstaPro with No Sharing + Metadata Only + Complete Control features ($3/month),74,Treatment1
2021-11-18 11:35:46,2021-11-18 11:36:11,IP Address,128.237.82.5,100,25,True,2021-11-18 11:36:12,R_2uTYW92SasxVjmt,,,,,40.4441986083984375,-79.9557037353515625,anonymous,EN,30-34,Male,"Master's degree, Ph.D, or higher",InstaPro with no add-ons (free),InstaPro with no add-ons (free)|InstaPro with No Sharing + Metadata Only + Complete Control features ($3/month)|InstaPro with No Sharing + Metadata Only features ($2/month)|InstaPro with No Sharing feature ($1/month),4,Treatment3
2021-11-18 11:39:13,2021-11-18 11:43:37,IP Address,128.237.82.12,100,264,True,2021-11-18 11:43:37,R_2Phu5R2vnKgDT8a,,,,,40.4441986083984375,-79.9557037353515625,anonymous,EN,30-34,Male,Bachelor's (or 4-year) degree,InstaPro with No Sharing + Metadata Only + Complete Control features ($3/month),InstaPro with no add-ons (free)|InstaPro with No Sharing + Metadata Only + Complete Control features ($3/month)|InstaPro with No Sharing + Metadata Only features ($2/month)|InstaPro with No Sharing feature ($1/month),92,
2021-11-18 11:42:40,2021-11-18 11:44:28,IP Address,128.237.82.13,100,107,True,2021-11-18 11:44:28,R_1P7CQrxEMGNJdlX,,,,,40.4441986083984375,-79.9557037353515625,anonymous,EN,25-29,Female,Bachelor's (or 4-year) degree,InstaPro with No Sharing feature ($1/month),InstaPro with No Sharing feature ($1/month)|InstaPro with No Sharing + Metadata Only features ($2/month)|InstaPro with No Sharing + Metadata Only + Complete Control features ($3/month)|InstaPro with no add-ons (free),73,Treatment1
2021-11-18 11:50:04,2021-11-18 11:51:17,IP Address,128.237.82.9,100,73,True,2021-11-18 11:51:17,R_124G01dYtT5HAMX,,,,,40.4441986083984375,-79.9557037353515625,anonymous,EN,20-24,Female,Bachelor's (or 4-year) degree,InstaPro with no add-ons (free),InstaPro with No Sharing + Metadata Only features ($2/month)|InstaPro with no add-ons (free)|InstaPro with No Sharing + Metadata Only + Complete Control features ($3/month)|InstaPro with No Sharing feature ($1/month),59,Treatment3
2021-11-18 11:52:01,2021-11-18 11:52:46,IP Address,128.237.82.9,100,45,True,2021-11-18 11:52:46,R_3CAYNSp2DDVBMqJ,,,,,40.4441986083984375,-79.9557037353515625,anonymous,EN,25-29,Male,"Master's degree, Ph.D, or higher",InstaPro with no add-ons (free),InstaPro with No Sharing feature ($1/month)|InstaPro with No Sharing + Metadata Only + Complete Control features ($3/month)|InstaPro with No Sharing + Metadata Only features ($2/month)|InstaPro with no add-ons (free),2,Treatment2
2021-11-18 11:54:55,2021-11-18 11:56:53,IP Address,49.37.169.66,100,117,True,2021-11-18 11:56:53,R_3Ofy6IVlTBooBvZ,,,,,17.4253997802734375,78.50750732421875,anonymous,EN,25-29,Female,"Master's degree, Ph.D, or higher",InstaPro with No Sharing feature ($1/month),InstaPro with no add-ons (free)|InstaPro with No Sharing + Metadata Only + Complete Control features ($3/month)|InstaPro with No Sharing + Metadata Only features ($2/month)|InstaPro with No Sharing feature ($1/month),3,Treatment1
2021-11-18 12:01:35,2021-11-18 12:02:54,IP Address,128.237.82.15,100,79,True,2021-11-18 12:02:54,R_2EE5TAvCvuCRBRS,,,,,40.4441986083984375,-79.9557037353515625,anonymous,EN,25-29,Female,"Master's degree, Ph.D, or higher",InstaPro with No Sharing feature ($1/month),InstaPro with no add-ons (free)|InstaPro with No Sharing + Metadata Only + Complete Control features ($3/month)|InstaPro with No Sharing + Metadata Only features ($2/month)|InstaPro with No Sharing feature ($1/month),11,Treatment3
2021-11-18 12:03:25,2021-11-18 12:04:55,IP Address,73.79.137.150,100,89,True,2021-11-18 12:04:55,R_1Q6lJuvlNLPB4iB,,,,,40.4441986083984375,-79.9557037353515625,anonymous,EN,20-24,Female,Bachelor's (or 4-year) degree,InstaPro with no add-ons (free),InstaPro with No Sharing feature ($1/month)|InstaPro with No Sharing + Metadata Only + Complete Control features ($3/month)|InstaPro with no add-ons (free)|InstaPro with No Sharing + Metadata Only features ($2/month),16,Treatment2
2021-11-18 12:05:42,2021-11-18 12:08:32,IP Address,173.75.44.230,100,169,True,2021-11-18 12:08:32,R_3kiiseEThKU0WY5,,,,,40.472503662109375,-79.91089630126953125,anonymous,EN,25-29,Female,"Master's degree, Ph.D, or higher",InstaPro with No Sharing feature ($1/month),InstaPro with no add-ons (free)|InstaPro with No Sharing feature ($1/month)|InstaPro with No Sharing + Metadata Only + Complete Control features ($3/month)|InstaPro with No Sharing + Metadata Only features ($2/month),20,Treatment2
2021-11-18 12:08:44,2021-11-18 12:10:08,IP Address,106.193.234.40,100,84,True,2021-11-18 12:10:08,R_3NLqd94cNQtEkai,,,,,18.6161041259765625,73.728607177734375,anonymous,EN,25-29,Male,Bachelor's (or 4-year) degree,InstaPro with No Sharing + Metadata Only + Complete Control features ($3/month),InstaPro with No Sharing feature ($1/month)|InstaPro with No Sharing + Metadata Only + Complete Control features ($3/month)|InstaPro with No Sharing + Metadata Only features ($2/month)|InstaPro with no add-ons (free),1,Treatment3
2021-11-18 12:18:39,2021-11-18 12:19:40,IP Address,24.3.250.235,100,60,True,2021-11-18 12:19:40,R_W0WsEX7xiKICrSx,,,,,40.432403564453125,-79.9246978759765625,anonymous,EN,20-24,Female,Bachelor's (or 4-year) degree,InstaPro with No Sharing + Metadata Only + Complete Control features ($3/month),InstaPro with no add-ons (free)|InstaPro with No Sharing feature ($1/month)|InstaPro with No Sharing + Metadata Only + Complete Control features ($3/month)|InstaPro with No Sharing + Metadata Only features ($2/month),69,Treatment1
2021-11-18 12:32:01,2021-11-18 12:33:34,IP Address,128.237.82.9,100,92,True,2021-11-18 12:33:35,R_22z5xlBrkZ8tHXQ,,,,,40.4441986083984375,-79.9557037353515625,anonymous,EN,25-29,Female,Bachelor's (or 4-year) degree,InstaPro with No Sharing feature ($1/month),InstaPro with no add-ons (free)|InstaPro with No Sharing + Metadata Only features ($2/month)|InstaPro with No Sharing + Metadata Only + Complete Control features ($3/month)|InstaPro with No Sharing feature ($1/month),75,Treatment3
2021-11-18 11:27:43,2021-11-18 12:36:08,IP Address,128.237.82.3,100,4104,True,2021-11-18 12:36:08,R_3OqNJcWijm8Cf6e,,,,,40.4441986083984375,-79.9557037353515625,anonymous,EN,30-34,Male,"Master's degree, Ph.D, or higher",InstaPro with No Sharing + Metadata Only + Complete Control features ($3/month),InstaPro with No Sharing feature ($1/month)|InstaPro with No Sharing + Metadata Only features ($2/month)|InstaPro with No Sharing + Metadata Only + Complete Control features ($3/month)|InstaPro with no add-ons (free),96,
2021-11-18 12:36:24,2021-11-18 12:37:03,IP Address,174.203.99.124,100,39,True,2021-11-18 12:37:03,R_3jUJqnhGlmv4GU2,,,,,40.33709716796875,-79.9900970458984375,anonymous,EN,20-24,Male,"Master's degree, Ph.D, or higher",InstaPro with No Sharing feature ($1/month),InstaPro with No Sharing + Metadata Only features ($2/month)|InstaPro with No Sharing feature ($1/month)|InstaPro with no add-ons (free)|InstaPro with No Sharing + Metadata Only + Complete Control features ($3/month),26,Treatment2
2021-11-18 12:36:59,2021-11-18 12:38:02,IP Address,128.237.82.3,100,62,True,2021-11-18 12:38:03,R_1FSew0SHMoswpIc,,,,,40.4441986083984375,-79.9557037353515625,anonymous,EN,20-24,Female,Bachelor's (or 4-year) degree,InstaPro with No Sharing feature ($1/month),InstaPro with no add-ons (free)|InstaPro with No Sharing + Metadata Only + Complete Control features ($3/month)|InstaPro with No Sharing + Metadata Only features ($2/month)|InstaPro with No Sharing feature ($1/month),9,Treatment1
2021-11-18 12:36:48,2021-11-18 12:38:17,IP Address,71.182.194.202,100,89,True,2021-11-18 12:38:17,R_C96NKlm5500lXXz,,,,,40.462493896484375,-79.94609832763671875,anonymous,EN,35 or more than 35,Male,"Master's degree, Ph.D, or higher",InstaPro with No Sharing + Metadata Only + Complete Control features ($3/month),InstaPro with no add-ons (free)|InstaPro with No Sharing feature ($1/month)|InstaPro with No Sharing + Metadata Only features ($2/month)|InstaPro with No Sharing + Metadata Only + Complete Control features ($3/month),50,Treatment1
2021-11-18 12:44:34,2021-11-18 12:45:08,IP Address,174.242.33.112,100,34,True,2021-11-18 12:45:09,R_2zkarvqqK4bHNv4,,,,,40.5457000732421875,-80.0507965087890625,anonymous,EN,20-24,Male,Bachelor's (or 4-year) degree,InstaPro with No Sharing + Metadata Only + Complete Control features ($3/month),InstaPro with No Sharing feature ($1/month)|InstaPro with No Sharing + Metadata Only + Complete Control features ($3/month)|InstaPro with no add-ons (free)|InstaPro with No Sharing + Metadata Only features ($2/month),89,
2021-11-18 12:43:35,2021-11-18 12:45:09,IP Address,117.203.27.41,100,93,True,2021-11-18 12:45:09,R_3oz1cmNmrzZuLS6,,,,,30.3220062255859375,78.029998779296875,anonymous,EN,30-34,Female,"Master's degree, Ph.D, or higher",InstaPro with No Sharing feature ($1/month),InstaPro with No Sharing feature ($1/month)|InstaPro with No Sharing + Metadata Only + Complete Control features ($3/month)|InstaPro with no add-ons (free)|InstaPro with No Sharing + Metadata Only features ($2/month),73,Treatment3
2021-11-18 12:44:56,2021-11-18 12:46:19,IP Address,71.112.190.29,100,82,True,2021-11-18 12:46:19,R_51JLMlLQS9JGIVj,,,,,40.4235992431640625,-79.9824981689453125,anonymous,EN,20-24,Non-binary / third gender,Bachelor's (or 4-year) degree,InstaPro with No Sharing + Metadata Only features ($2/month),InstaPro with No Sharing feature ($1/month)|InstaPro with No Sharing + Metadata Only + Complete Control features ($3/month)|InstaPro with no add-ons (free)|InstaPro with No Sharing + Metadata Only features ($2/month),47,Treatment2
2021-11-18 12:52:14,2021-11-18 12:54:14,IP Address,128.237.82.6,100,119,True,2021-11-18 12:54:14,R_3JCMeOwETTUB4yT,,,,,40.4441986083984375,-79.9557037353515625,anonymous,EN,25-29,Female,Bachelor's (or 4-year) degree,InstaPro with No Sharing + Metadata Only + Complete Control features ($3/month),InstaPro with No Sharing feature ($1/month)|InstaPro with no add-ons (free)|InstaPro with No Sharing + Metadata Only features ($2/month)|InstaPro with No Sharing + Metadata Only + Complete Control features ($3/month),4,Treatment2
2021-11-18 12:50:25,2021-11-18 13:07:49,IP Address,73.79.137.172,100,1044,True,2021-11-18 13:07:50,R_2ciqjEF1cl6Bbua,,,,,40.4441986083984375,-79.9557037353515625,anonymous,EN,25-29,Female,"Master's degree, Ph.D, or higher",InstaPro with no add-ons (free),InstaPro with no add-ons (free)|InstaPro with No Sharing + Metadata Only features ($2/month)|InstaPro with No Sharing + Metadata Only + Complete Control features ($3/month)|InstaPro with No Sharing feature ($1/month),71,Treatment3
2021-11-18 13:06:56,2021-11-18 13:08:29,IP Address,67.171.67.40,100,92,True,2021-11-18 13:08:29,R_sX7J5pSqyoZB3WN,,,,,40.4521026611328125,-79.92009735107421875,anonymous,EN,30-34,Male,"Master's degree, Ph.D, or higher",InstaPro with no add-ons (free),InstaPro with No Sharing + Metadata Only features ($2/month)|InstaPro with no add-ons (free)|InstaPro with No Sharing + Metadata Only + Complete Control features ($3/month)|InstaPro with No Sharing feature ($1/month),48,Treatment1
2021-11-18 13:10:17,2021-11-18 13:14:59,IP Address,128.237.82.1,100,282,True,2021-11-18 13:15:00,R_2fxk3mM0CIC2xlj,,,,,40.4441986083984375,-79.9557037353515625,anonymous,EN,30-34,Female,Bachelor's (or 4-year) degree,InstaPro with No Sharing + Metadata Only + Complete Control features ($3/month),InstaPro with No Sharing + Metadata Only + Complete Control features ($3/month)|InstaPro with no add-ons (free)|InstaPro with No Sharing + Metadata Only features ($2/month)|InstaPro with No Sharing feature ($1/month),81,
2021-11-18 11:24:27,2021-11-18 13:25:45,IP Address,71.60.36.180,100,7278,True,2021-11-18 13:25:46,R_3EyR5ZaYWCw5ox7,,,,,40.9438934326171875,-78.96880340576171875,anonymous,EN,25-29,Female,Bachelor's (or 4-year) degree,InstaPro with No Sharing + Metadata Only + Complete Control features ($3/month),InstaPro with no add-ons (free)|InstaPro with No Sharing feature ($1/month)|InstaPro with No Sharing + Metadata Only + Complete Control features ($3/month)|InstaPro with No Sharing + Metadata Only features ($2/month),58,Treatment3
2021-11-18 13:34:05,2021-11-18 13:35:05,IP Address,128.2.149.7,100,60,True,2021-11-18 13:35:06,R_XS5oSFYjX1I0sJX,,,,,40.4394989013671875,-79.94300079345703125,anonymous,EN,25-29,Female,Bachelor's (or 4-year) degree,InstaPro with No Sharing + Metadata Only + Complete Control features ($3/month),InstaPro with No Sharing + Metadata Only features ($2/month)|InstaPro with No Sharing + Metadata Only + Complete Control features ($3/month)|InstaPro with no add-ons (free)|InstaPro with No Sharing feature ($1/month),38,Treatment2
2021-11-18 13:41:26,2021-11-18 13:41:51,IP Address,174.242.35.6,100,24,True,2021-11-18 13:41:51,R_2dmznyqogqufrby,,,,,40.5457000732421875,-80.0507965087890625,anonymous,EN,20-24,Male,Bachelor's (or 4-year) degree,InstaPro with no add-ons (free),InstaPro with No Sharing + Metadata Only + Complete Control features ($3/month)|InstaPro with no add-ons (free)|InstaPro with No Sharing feature ($1/month)|InstaPro with No Sharing + Metadata Only features ($2/month),29,Treatment1
2021-11-18 13:49:37,2021-11-18 13:50:33,IP Address,73.59.233.151,100,55,True,2021-11-18 13:50:33,R_DNqcHrO46PriCrf,,,,,35.10040283203125,-90.0279998779296875,anonymous,EN,30-34,Male,"Master's degree, Ph.D, or higher",InstaPro with No Sharing + Metadata Only features ($2/month),InstaPro with No Sharing + Metadata Only + Complete Control features ($3/month)|InstaPro with no add-ons (free)|InstaPro with No Sharing + Metadata Only features ($2/month)|InstaPro with No Sharing feature ($1/month),87,
2021-11-18 14:24:37,2021-11-18 14:26:28,IP Address,73.154.247.48,100,110,True,2021-11-18 14:26:28,R_ul7DfWRbTNsOnbr,,,,,40.4441986083984375,-79.9557037353515625,anonymous,EN,20-24,Male,"Master's degree, Ph.D, or higher",InstaPro with No Sharing + Metadata Only features ($2/month),InstaPro with No Sharing feature ($1/month)|InstaPro with no add-ons (free)|InstaPro with No Sharing + Metadata Only features ($2/month)|InstaPro with No Sharing + Metadata Only + Complete Control features ($3/month),99,
2021-11-18 14:37:05,2021-11-18 14:38:40,IP Address,97.70.184.253,100,95,True,2021-11-18 14:38:41,R_b33mm75GOI9jIs1,,,,,42.460693359375,-83.45819854736328125,anonymous,EN,25-29,Female,Bachelor's (or 4-year) degree,InstaPro with No Sharing + Metadata Only + Complete Control features ($3/month),InstaPro with No Sharing feature ($1/month)|InstaPro with no add-ons (free)|InstaPro with No Sharing + Metadata Only + Complete Control features ($3/month)|InstaPro with No Sharing + Metadata Only features ($2/month),62,Treatment1
2021-11-18 14:38:16,2021-11-18 14:39:53,IP Address,74.111.97.194,100,96,True,2021-11-18 14:39:54,R_1eXWdgbUuQfQe7m,,,,,40.432403564453125,-79.9246978759765625,anonymous,EN,30-34,Female,"Master's degree, Ph.D, or higher",InstaPro with No Sharing + Metadata Only + Complete Control features ($3/month),InstaPro with No Sharing feature ($1/month)|InstaPro with No Sharing + Metadata Only features ($2/month)|InstaPro with no add-ons (free)|InstaPro with No Sharing + Metadata Only + Complete Control features ($3/month),20,Treatment1
2021-11-18 14:50:01,2021-11-18 14:52:45,IP Address,204.195.168.170,100,164,True,2021-11-18 14:52:46,R_3MxSKuHcGf4Fgdg,,,,,40.3052978515625,-78.95400238037109375,anonymous,EN,25-29,Male,Bachelor's (or 4-year) degree,InstaPro with No Sharing + Metadata Only features ($2/month),InstaPro with No Sharing feature ($1/month)|InstaPro with No Sharing + Metadata Only + Complete Control features ($3/month)|InstaPro with no add-ons (free)|InstaPro with No Sharing + Metadata Only features ($2/month),60,Treatment3
2021-11-18 14:52:03,2021-11-18 14:53:44,IP Address,128.237.82.3,100,101,True,2021-11-18 14:53:45,R_1n6nWEBR2MOzp3h,,,,,40.4441986083984375,-79.9557037353515625,anonymous,EN,20-24,Male,High school diploma,InstaPro with no add-ons (free),InstaPro with No Sharing feature ($1/month)|InstaPro with No Sharing + Metadata Only features ($2/month)|InstaPro with No Sharing + Metadata Only + Complete Control features ($3/month)|InstaPro with no add-ons (free),2,Treatment3
2021-11-18 15:29:54,2021-11-18 15:31:01,IP Address,73.79.6.55,100,67,True,2021-11-18 15:31:02,R_1IaDsoTLhQuNywd,,,,,40.472503662109375,-79.91089630126953125,anonymous,EN,20-24,Female,Bachelor's (or 4-year) degree,InstaPro with No Sharing + Metadata Only + Complete Control features ($3/month),InstaPro with No Sharing feature ($1/month)|InstaPro with no add-ons (free)|InstaPro with No Sharing + Metadata Only + Complete Control features ($3/month)|InstaPro with No Sharing + Metadata Only features ($2/month),47,Treatment2
2021-11-18 15:43:26,2021-11-18 15:44:28,IP Address,174.203.96.75,100,62,True,2021-11-18 15:44:28,R_3QEJiAnPhwFDKOy,,,,,40.269195556640625,-80.161102294921875,anonymous,EN,25-29,Male,Bachelor's (or 4-year) degree,InstaPro with no add-ons (free),InstaPro with No Sharing + Metadata Only features ($2/month)|InstaPro with no add-ons (free)|InstaPro with No Sharing feature ($1/month)|InstaPro with No Sharing + Metadata Only + Complete Control features ($3/month),23,Treatment1
2021-11-18 15:43:26,2021-11-18 15:44:43,IP Address,107.77.224.235,100,77,True,2021-11-18 15:44:43,R_1P19YoQaNgjlCYt,,,,,40.8271026611328125,-73.9358978271484375,anonymous,EN,20-24,Male,High school diploma,,InstaPro with No Sharing feature ($1/month)|InstaPro with No Sharing + Metadata Only features ($2/month)|InstaPro with no add-ons (free)|InstaPro with No Sharing + Metadata Only + Complete Control features ($3/month),2,Treatment2
2021-11-18 15:44:38,2021-11-18 15:45:34,IP Address,71.182.132.65,100,56,True,2021-11-18 15:45:35,R_aaQkkHwVxw5HJ05,,,,,40.432403564453125,-79.9246978759765625,anonymous,EN,25-29,Female,Bachelor's (or 4-year) degree,InstaPro with no add-ons (free),InstaPro with No Sharing + Metadata Only + Complete Control features ($3/month)|InstaPro with no add-ons (free)|InstaPro with No Sharing feature ($1/month)|InstaPro with No Sharing + Metadata Only features ($2/month),80,
2021-11-18 16:18:01,2021-11-18 16:19:01,IP Address,104.184.173.9,100,59,True,2021-11-18 16:19:01,R_3fJAqIwKbbXATDX,,,,,41.5052947998046875,-81.55660247802734375,anonymous,EN,25-29,Male,Bachelor's (or 4-year) degree,InstaPro with No Sharing + Metadata Only + Complete Control features ($3/month),InstaPro with No Sharing + Metadata Only + Complete Control features ($3/month)|InstaPro with no add-ons (free)|InstaPro with No Sharing + Metadata Only features ($2/month)|InstaPro with No Sharing feature ($1/month),42,Treatment3
2021-11-18 16:32:55,2021-11-18 16:33:43,IP Address,128.237.82.3,100,47,True,2021-11-18 16:33:44,R_3qI1fLFGcFOQpYB,,,,,40.4441986083984375,-79.9557037353515625,anonymous,EN,15-19,Male,High school diploma,InstaPro with no add-ons (free),InstaPro with No Sharing + Metadata Only + Complete Control features ($3/month)|InstaPro with No Sharing feature ($1/month)|InstaPro with no add-ons (free)|InstaPro with No Sharing + Metadata Only features ($2/month),32,Treatment1
2021-11-18 16:42:48,2021-11-18 16:44:34,IP Address,104.184.173.9,100,106,True,2021-11-18 16:44:35,R_bsfz6o66hfNPjON,,,,,41.5052947998046875,-81.55660247802734375,anonymous,EN,25-29,Female,Bachelor's (or 4-year) degree,InstaPro with no add-ons (free),InstaPro with No Sharing + Metadata Only + Complete Control features ($3/month)|InstaPro with No Sharing feature ($1/month)|InstaPro with No Sharing + Metadata Only features ($2/month)|InstaPro with no add-ons (free),74,Treatment1
2021-11-18 17:17:00,2021-11-18 17:18:22,IP Address,49.37.211.146,100,81,True,2021-11-18 17:18:22,R_2aKoFKvG4bttqdp,,,,,12.89959716796875,80.22088623046875,anonymous,EN,30-34,Male,"Master's degree, Ph.D, or higher",InstaPro with no add-ons (free),InstaPro with No Sharing feature ($1/month)|InstaPro with No Sharing + Metadata Only features ($2/month)|InstaPro with no add-ons (free)|InstaPro with No Sharing + Metadata Only + Complete Control features ($3/month),92,
2021-11-18 17:33:25,2021-11-18 17:34:17,IP Address,67.163.155.169,100,51,True,2021-11-18 17:34:18,R_eVUvT0LHi6pfk7n,,,,,40.4488067626953125,-79.9951019287109375,anonymous,EN,25-29,Female,"Master's degree, Ph.D, or higher",InstaPro with No Sharing feature ($1/month),InstaPro with No Sharing + Metadata Only features ($2/month)|InstaPro with no add-ons (free)|InstaPro with No Sharing + Metadata Only + Complete Control features ($3/month)|InstaPro with No Sharing feature ($1/month),69,Treatment2
2021-11-18 17:34:09,2021-11-18 17:34:58,IP Address,49.37.217.44,100,49,True,2021-11-18 17:34:59,R_bIyUpu1gutwFkPL,,,,,12.89959716796875,80.22088623046875,anonymous,EN,20-24,Female,Bachelor's (or 4-year) degree,InstaPro with No Sharing + Metadata Only + Complete Control features ($3/month),InstaPro with No Sharing + Metadata Only + Complete Control features ($3/month)|InstaPro with no add-ons (free)|InstaPro with No Sharing + Metadata Only features ($2/month)|InstaPro with No Sharing feature ($1/month),34,Treatment2
2021-11-18 17:33:20,2021-11-18 17:35:56,IP Address,104.184.173.9,100,155,True,2021-11-18 17:35:56,R_Tv0FannSnEZLOzn,,,,,41.5052947998046875,-81.55660247802734375,anonymous,EN,25-29,Male,Bachelor's (or 4-year) degree,InstaPro with No Sharing + Metadata Only features ($2/month),InstaPro with No Sharing + Metadata Only + Complete Control features ($3/month)|InstaPro with No Sharing + Metadata Only features ($2/month)|InstaPro with no add-ons (free)|InstaPro with No Sharing feature ($1/month),25,Treatment3
2021-11-18 17:37:29,2021-11-18 17:40:39,IP Address,142.255.90.89,100,190,True,2021-11-18 17:40:39,R_1diOYLqIj4pARSr,,,,,40.6446075439453125,-73.97429656982421875,anonymous,EN,25-29,Male,Bachelor's (or 4-year) degree,InstaPro with No Sharing + Metadata Only + Complete Control features ($3/month),InstaPro with No Sharing + Metadata Only features ($2/month)|InstaPro with no add-ons (free)|InstaPro with No Sharing feature ($1/month)|InstaPro with No Sharing + Metadata Only + Complete Control features ($3/month),56,Treatment3
2021-11-18 17:41:24,2021-11-18 17:42:05,IP Address,106.197.119.85,100,40,True,2021-11-18 17:42:05,R_1M0pPfcyuJMTvqK,,,,,11.6602020263671875,78.1531982421875,anonymous,EN,20-24,Male,Bachelor's (or 4-year) degree,InstaPro with no add-ons (free),InstaPro with No Sharing + Metadata Only + Complete Control features ($3/month)|InstaPro with No Sharing feature ($1/month)|InstaPro with no add-ons (free)|InstaPro with No Sharing + Metadata Only features ($2/month),7,Treatment1
2021-11-18 17:52:07,2021-11-18 17:53:02,IP Address,103.130.91.107,100,55,True,2021-11-18 17:53:03,R_e2wMsnR4Sv3ZOrT,,,,,11.0142059326171875,76.994110107421875,anonymous,EN,25-29,Male,Bachelor's (or 4-year) degree,InstaPro with No Sharing + Metadata Only + Complete Control features ($3/month),InstaPro with No Sharing + Metadata Only + Complete Control features ($3/month)|InstaPro with No Sharing feature ($1/month)|InstaPro with no add-ons (free)|InstaPro with No Sharing + Metadata Only features ($2/month),99,
2021-11-18 18:02:02,2021-11-18 18:03:12,IP Address,172.58.184.131,100,70,True,2021-11-18 18:03:12,R_32UW9wWJ3XHsUKV,,,,,40.5023956298828125,-79.94899749755859375,anonymous,EN,25-29,Female,"Master's degree, Ph.D, or higher",InstaPro with no add-ons (free),InstaPro with No Sharing feature ($1/month)|InstaPro with No Sharing + Metadata Only + Complete Control features ($3/month)|InstaPro with no add-ons (free)|InstaPro with No Sharing + Metadata Only features ($2/month),52,Treatment2
2021-11-18 18:03:41,2021-11-18 18:05:13,IP Address,173.216.228.28,100,91,True,2021-11-18 18:05:13,R_XB1k7A0IZpdp1SN,,,,,36.331207275390625,-92.37529754638671875,anonymous,EN,30-34,Male,"Master's degree, Ph.D, or higher",InstaPro with No Sharing + Metadata Only features ($2/month),InstaPro with No Sharing feature ($1/month)|InstaPro with No Sharing + Metadata Only + Complete Control features ($3/month)|InstaPro with no add-ons (free)|InstaPro with No Sharing + Metadata Only features ($2/month),8,Treatment3
2021-11-18 18:18:58,2021-11-18 18:21:06,IP Address,128.237.82.3,100,128,True,2021-11-18 18:21:07,R_1qh5ooYhspafEPw,,,,,40.4441986083984375,-79.9557037353515625,anonymous,EN,15-19,Female,High school diploma,InstaPro with no add-ons (free),InstaPro with No Sharing feature ($1/month)|InstaPro with No Sharing + Metadata Only + Complete Control features ($3/month)|InstaPro with no add-ons (free)|InstaPro with No Sharing + Metadata Only features ($2/month),60,Treatment1
2021-11-18 18:23:26,2021-11-18 18:24:31,IP Address,49.207.205.127,100,64,True,2021-11-18 18:24:32,R_3rSZvSQjNGgZasi,,,,,12.9633941650390625,77.58551025390625,anonymous,EN,25-29,Male,Bachelor's (or 4-year) degree,InstaPro with No Sharing + Metadata Only + Complete Control features ($3/month),InstaPro with No Sharing + Metadata Only features ($2/month)|InstaPro with no add-ons (free)|InstaPro with No Sharing feature ($1/month)|InstaPro with No Sharing + Metadata Only + Complete Control features ($3/month),24,Treatment2
2021-11-18 18:40:57,2021-11-18 18:42:32,IP Address,107.77.225.199,100,95,True,2021-11-18 18:42:33,R_pxw4CG4KjqAlsVr,,,,,40.75030517578125,-74.00140380859375,anonymous,EN,25-29,Female,"Master's degree, Ph.D, or higher",InstaPro with no add-ons (free),InstaPro with no add-ons (free)|InstaPro with No Sharing + Metadata Only features ($2/month)|InstaPro with No Sharing feature ($1/month)|InstaPro with No Sharing + Metadata Only + Complete Control features ($3/month),94,
2021-11-18 18:42:47,2021-11-18 18:43:57,IP Address,106.211.249.156,100,70,True,2021-11-18 18:43:57,R_1BXZgxEUlKY540f,,,,,11.220306396484375,78.166290283203125,anonymous,EN,30-34,Male,"Master's degree, Ph.D, or higher",InstaPro with no add-ons (free),InstaPro with No Sharing feature ($1/month)|InstaPro with No Sharing + Metadata Only + Complete Control features ($3/month)|InstaPro with no add-ons (free)|InstaPro with No Sharing + Metadata Only features ($2/month),11,Treatment3
2021-11-18 18:20:14,2021-11-18 19:55:23,IP Address,117.103.94.205,100,5708,True,2021-11-18 19:55:24,R_3HhoJAG9xoFToQP,,,,,7.09100341796875,171.376495361328125,anonymous,EN,30-34,Male,"Master's degree, Ph.D, or higher",InstaPro with no add-ons (free),InstaPro with No Sharing + Metadata Only features ($2/month)|InstaPro with No Sharing feature ($1/month)|InstaPro with No Sharing + Metadata Only + Complete Control features ($3/month)|InstaPro with no add-ons (free),34,Treatment2
2021-11-18 19:55:35,2021-11-18 19:56:07,IP Address,117.103.94.205,100,31,True,2021-11-18 19:56:07,R_1Ok22ceacB0OVP8,,,,,7.09100341796875,171.376495361328125,anonymous,EN,30-34,Male,"Master's degree, Ph.D, or higher",InstaPro with no add-ons (free),InstaPro with No Sharing feature ($1/month)|InstaPro with No Sharing + Metadata Only + Complete Control features ($3/month)|InstaPro with no add-ons (free)|InstaPro with No Sharing + Metadata Only features ($2/month),73,Treatment1
2021-11-18 20:13:11,2021-11-18 20:18:07,IP Address,23.82.194.108,100,296,True,2021-11-18 20:18:07,R_1Fbp5hSaVYVgQW7,,,,,38.749298095703125,-77.49179840087890625,anonymous,EN,20-24,Male,Bachelor's (or 4-year) degree,InstaPro with No Sharing + Metadata Only + Complete Control features ($3/month),InstaPro with No Sharing + Metadata Only + Complete Control features ($3/month)|InstaPro with no add-ons (free)|InstaPro with No Sharing feature ($1/month)|InstaPro with No Sharing + Metadata Only features ($2/month),63,Treatment3
2021-11-18 20:19:48,2021-11-18 20:20:36,IP Address,99.63.160.14,100,47,True,2021-11-18 20:20:37,R_Cl8DFnHiIbkYs01,,,,,38.61700439453125,-90.25659942626953125,anonymous,EN,25-29,Female,"Master's degree, Ph.D, or higher",InstaPro with no add-ons (free),InstaPro with no add-ons (free)|InstaPro with No Sharing + Metadata Only features ($2/month)|InstaPro with No Sharing + Metadata Only + Complete Control features ($3/month)|InstaPro with No Sharing feature ($1/month),65,Treatment2
2021-11-18 22:24:14,2021-11-18 22:29:26,IP Address,49.37.149.162,100,311,True,2021-11-18 22:29:26,R_yx68OSdnHxC3qeZ,,,,,17.4253997802734375,78.50750732421875,anonymous,EN,20-24,Male,Bachelor's (or 4-year) degree,InstaPro with No Sharing + Metadata Only + Complete Control features ($3/month),InstaPro with No Sharing + Metadata Only features ($2/month)|InstaPro with no add-ons (free)|InstaPro with No Sharing feature ($1/month)|InstaPro with No Sharing + Metadata Only + Complete Control features ($3/month),53,Treatment1
2021-11-19 01:01:07,2021-11-19 01:02:02,IP Address,59.92.97.103,100,54,True,2021-11-19 01:02:03,R_1Gwh0Zx0LFQtanX,,,,,11.345794677734375,77.7333984375,anonymous,EN,25-29,Male,Bachelor's (or 4-year) degree,InstaPro with no add-ons (free),InstaPro with No Sharing feature ($1/month)|InstaPro with No Sharing + Metadata Only + Complete Control features ($3/month)|InstaPro with No Sharing + Metadata Only features ($2/month)|InstaPro with no add-ons (free),91,
2021-11-19 01:49:07,2021-11-19 01:52:00,IP Address,87.201.52.4,100,172,True,2021-11-19 01:52:00,R_uaLAzJUx9xeTbz3,,,,,25.2633056640625,55.3087005615234375,anonymous,EN,30-34,Female,Bachelor's (or 4-year) degree,InstaPro with No Sharing + Metadata Only features ($2/month),InstaPro with no add-ons (free)|InstaPro with No Sharing + Metadata Only features ($2/month)|InstaPro with No Sharing + Metadata Only + Complete Control features ($3/month)|InstaPro with No Sharing feature ($1/month),75,Treatment3
2021-11-19 06:39:00,2021-11-19 06:40:17,IP Address,106.222.121.147,100,76,True,2021-11-19 06:40:17,R_2zwEarhw06KfKeN,,,,,11.0142059326171875,76.994110107421875,anonymous,EN,25-29,Male,"Master's degree, Ph.D, or higher",,InstaPro with No Sharing + Metadata Only + Complete Control features ($3/month)|InstaPro with No Sharing + Metadata Only features ($2/month)|InstaPro with no add-ons (free)|InstaPro with No Sharing feature ($1/month),69,Treatment1
2021-11-19 07:44:29,2021-11-19 07:46:32,IP Address,174.203.100.136,100,122,True,2021-11-19 07:46:32,R_O0VpNxzoFl3EL0B,,,,,40.37750244140625,-79.9613037109375,anonymous,EN,20-24,Female,"Master's degree, Ph.D, or higher",InstaPro with no add-ons (free),InstaPro with no add-ons (free)|InstaPro with No Sharing + Metadata Only + Complete Control features ($3/month)|InstaPro with No Sharing + Metadata Only features ($2/month)|InstaPro with No Sharing feature ($1/month),18,Treatment2
2021-11-19 09:46:11,2021-11-19 09:47:00,IP Address,74.109.248.166,100,48,True,2021-11-19 09:47:00,R_2770TORWvXxnHho,,,,,40.472503662109375,-79.91089630126953125,anonymous,EN,20-24,Female,Bachelor's (or 4-year) degree,InstaPro with no add-ons (free),InstaPro with No Sharing + Metadata Only features ($2/month)|InstaPro with No Sharing + Metadata Only + Complete Control features ($3/month)|InstaPro with No Sharing feature ($1/month)|InstaPro with no add-ons (free),59,Treatment3
2021-11-19 09:54:43,2021-11-19 09:57:33,IP Address,172.58.139.91,100,169,True,2021-11-19 09:57:33,R_1QmavfBeLnGnmE4,,,,,41.97039794921875,-87.7035980224609375,anonymous,EN,30-34,Female,"Master's degree, Ph.D, or higher",InstaPro with no add-ons (free),InstaPro with No Sharing feature ($1/month)|InstaPro with No Sharing + Metadata Only + Complete Control features ($3/month)|InstaPro with No Sharing + Metadata Only features ($2/month)|InstaPro with no add-ons (free),13,Treatment2
2021-11-19 10:19:12,2021-11-19 10:20:07,IP Address,98.127.136.187,100,55,True,2021-11-19 10:20:08,R_1f8hGLCc4f7rwcv,,,,,46.609893798828125,-112.0243988037109375,anonymous,EN,25-29,Male,"Master's degree, Ph.D, or higher",InstaPro with no add-ons (free),InstaPro with no add-ons (free)|InstaPro with No Sharing + Metadata Only + Complete Control features ($3/month)|InstaPro with No Sharing + Metadata Only features ($2/month)|InstaPro with No Sharing feature ($1/month),41,Treatment3
2021-11-19 13:54:19,2021-11-19 13:55:22,IP Address,73.154.123.190,100,62,True,2021-11-19 13:55:22,R_1PXgOtexXwzUOWe,,,,,40.4441986083984375,-79.9557037353515625,anonymous,EN,20-24,Female,Bachelor's (or 4-year) degree,InstaPro with No Sharing + Metadata Only + Complete Control features ($3/month),InstaPro with No Sharing feature ($1/month)|InstaPro with no add-ons (free)|InstaPro with No Sharing + Metadata Only features ($2/month)|InstaPro with No Sharing + Metadata Only + Complete Control features ($3/month),86,
2021-11-19 14:33:09,2021-11-19 14:34:00,IP Address,128.2.149.108,100,51,True,2021-11-19 14:34:00,R_USbwtmLlBzPXfix,,,,,40.4394989013671875,-79.94300079345703125,anonymous,EN,30-34,Male,Bachelor's (or 4-year) degree,InstaPro with no add-ons (free),InstaPro with No Sharing + Metadata Only + Complete Control features ($3/month)|InstaPro with no add-ons (free)|InstaPro with No Sharing + Metadata Only features ($2/month)|InstaPro with No Sharing feature ($1/month),86,
2021-11-19 14:48:24,2021-11-19 14:49:16,IP Address,74.98.222.125,100,51,True,2021-11-19 14:49:16,R_1gtO0DexITswOBp,,,,,40.4268035888671875,-79.89350128173828125,anonymous,EN,30-34,Female,"Master's degree, Ph.D, or higher",InstaPro with No Sharing + Metadata Only + Complete Control features ($3/month),InstaPro with No Sharing + Metadata Only + Complete Control features ($3/month)|InstaPro with No Sharing + Metadata Only features ($2/month)|InstaPro with No Sharing feature ($1/month)|InstaPro with no add-ons (free),28,Treatment1
2021-11-19 14:58:08,2021-11-19 15:00:39,IP Address,173.75.15.167,100,151,True,2021-11-19 15:00:40,R_3McewKd1pLZ6nk7,,,,,40.432403564453125,-79.9246978759765625,anonymous,EN,35 or more than 35,Male,"Master's degree, Ph.D, or higher",InstaPro with No Sharing feature ($1/month),InstaPro with No Sharing + Metadata Only features ($2/month)|InstaPro with No Sharing + Metadata Only + Complete Control features ($3/month)|InstaPro with no add-ons (free)|InstaPro with No Sharing feature ($1/month),40,Treatment2
2021-11-19 15:00:37,2021-11-19 15:01:55,IP Address,67.171.70.124,100,78,True,2021-11-19 15:01:56,R_yjpbMMGV35dYW89,,,,,40.432403564453125,-79.9246978759765625,anonymous,EN,30-34,Female,Bachelor's (or 4-year) degree,InstaPro with no add-ons (free),InstaPro with no add-ons (free)|InstaPro with No Sharing feature ($1/month)|InstaPro with No Sharing + Metadata Only features ($2/month)|InstaPro with No Sharing + Metadata Only + Complete Control features ($3/month),59,Treatment3
2021-11-19 15:07:50,2021-11-19 15:08:52,IP Address,73.154.179.186,100,61,True,2021-11-19 15:08:52,R_UFsLL4XCG4IS1Tb,,,,,40.4441986083984375,-79.9557037353515625,anonymous,EN,30-34,Male,Bachelor's (or 4-year) degree,InstaPro with no add-ons (free),InstaPro with No Sharing + Metadata Only + Complete Control features ($3/month)|InstaPro with No Sharing + Metadata Only features ($2/month)|InstaPro with no add-ons (free)|InstaPro with No Sharing feature ($1/month),7,Treatment1
2021-11-19 17:56:58,2021-11-19 17:57:58,IP Address,98.236.30.120,100,59,True,2021-11-19 17:57:59,R_3L6iDxyqeX3bokM,,,,,40.472503662109375,-79.91089630126953125,anonymous,EN,25-29,Female,Bachelor's (or 4-year) degree,InstaPro with No Sharing feature ($1/month),InstaPro with No Sharing feature ($1/month)|InstaPro with No Sharing + Metadata Only + Complete Control features ($3/month)|InstaPro with No Sharing + Metadata Only features ($2/month)|InstaPro with no add-ons (free),36,Treatment1
2021-11-19 18:22:27,2021-11-19 19:03:49,IP Address,98.236.30.120,100,2482,True,2021-11-19 19:03:50,R_2dvd06Cgi0qNvRb,,,,,40.472503662109375,-79.91089630126953125,anonymous,EN,25-29,Female,"Master's degree, Ph.D, or higher",InstaPro with no add-ons (free),InstaPro with No Sharing + Metadata Only + Complete Control features ($3/month)|InstaPro with No Sharing + Metadata Only features ($2/month)|InstaPro with no add-ons (free)|InstaPro with No Sharing feature ($1/month),40,Treatment2
2021-11-19 21:32:57,2021-11-19 21:33:58,IP Address,24.217.99.115,100,60,True,2021-11-19 21:33:58,R_p3Q467utlg4cvKN,,,,,38.6620025634765625,-90.28890228271484375,anonymous,EN,25-29,Female,Bachelor's (or 4-year) degree,InstaPro with no add-ons (free),InstaPro with No Sharing + Metadata Only + Complete Control features ($3/month)|InstaPro with no add-ons (free)|InstaPro with No Sharing feature ($1/month)|InstaPro with No Sharing + Metadata Only features ($2/month),96,
2021-11-19 22:07:48,2021-11-19 22:08:41,IP Address,97.92.208.102,100,53,True,2021-11-19 22:08:41,R_2wLd9DrpI7oPKF9,,,,,38.4073028564453125,-90.436798095703125,anonymous,EN,25-29,Female,Technical / trade school,InstaPro with No Sharing feature ($1/month),InstaPro with No Sharing + Metadata Only + Complete Control features ($3/month)|InstaPro with No Sharing + Metadata Only features ($2/month)|InstaPro with No Sharing feature ($1/month)|InstaPro with no add-ons (free),51,Treatment3
2021-11-19 22:39:46,2021-11-19 22:41:08,IP Address,174.208.195.134,100,81,True,2021-11-19 22:41:09,R_vPK9vBQ51qZ31C1,,,,,41.8719024658203125,-87.65889739990234375,anonymous,EN,25-29,Male,Bachelor's (or 4-year) degree,InstaPro with no add-ons (free),InstaPro with no add-ons (free)|InstaPro with No Sharing + Metadata Only + Complete Control features ($3/month)|InstaPro with No Sharing feature ($1/month)|InstaPro with No Sharing + Metadata Only features ($2/month),16,Treatment2
2021-11-20 11:56:39,2021-11-20 11:57:48,IP Address,45.21.6.110,100,68,True,2021-11-20 11:57:49,R_RmhM1ThJOeuvapj,,,,,29.73370361328125,-98.6676025390625,anonymous,EN,25-29,Male,"Master's degree, Ph.D, or higher",InstaPro with No Sharing feature ($1/month),InstaPro with no add-ons (free)|InstaPro with No Sharing + Metadata Only + Complete Control features ($3/month)|InstaPro with No Sharing + Metadata Only features ($2/month)|InstaPro with No Sharing feature ($1/month),93,
2021-11-20 12:39:38,2021-11-20 12:40:35,IP Address,174.208.224.28,100,56,True,2021-11-20 12:40:35,R_31BDVLYVZMIXmTD,,,,,41.698394775390625,-87.70310211181640625,anonymous,EN,20-24,Female,Bachelor's (or 4-year) degree,InstaPro with no add-ons (free),InstaPro with no add-ons (free)|InstaPro with No Sharing + Metadata Only features ($2/month)|InstaPro with No Sharing feature ($1/month)|InstaPro with No Sharing + Metadata Only + Complete Control features ($3/month),34,Treatment3
2021-11-20 12:39:21,2021-11-20 12:40:54,IP Address,174.212.108.221,100,92,True,2021-11-20 12:40:54,R_2t06lvcm0ki5z8y,,,,,36.1670989990234375,-86.786102294921875,anonymous,EN,25-29,Female,Bachelor's (or 4-year) degree,InstaPro with no add-ons (free),InstaPro with No Sharing + Metadata Only features ($2/month)|InstaPro with No Sharing + Metadata Only + Complete Control features ($3/month)|InstaPro with No Sharing feature ($1/month)|InstaPro with no add-ons (free),4,Treatment1
2021-11-20 12:42:06,2021-11-20 12:43:05,IP Address,166.216.158.175,100,58,True,2021-11-20 12:43:05,R_3p5p3KiIfjmDQ5c,,,,,37.6735992431640625,-122.09439849853515625,anonymous,EN,25-29,Male,Bachelor's (or 4-year) degree,InstaPro with No Sharing + Metadata Only features ($2/month),InstaPro with No Sharing + Metadata Only + Complete Control features ($3/month)|InstaPro with no add-ons (free)|InstaPro with No Sharing + Metadata Only features ($2/month)|InstaPro with No Sharing feature ($1/month),52,Treatment2
2021-11-20 12:50:35,2021-11-20 12:51:43,IP Address,96.35.36.20,100,68,True,2021-11-20 12:51:44,R_2eUTIGuOCM1I82F,,,,,38.575897216796875,-90.51670074462890625,anonymous,EN,35 or more than 35,Female,Bachelor's (or 4-year) degree,InstaPro with No Sharing feature ($1/month),InstaPro with No Sharing + Metadata Only + Complete Control features ($3/month)|InstaPro with No Sharing + Metadata Only features ($2/month)|InstaPro with no add-ons (free)|InstaPro with No Sharing feature ($1/month),5,Treatment3
2021-11-20 12:53:38,2021-11-20 12:55:40,IP Address,209.107.191.197,100,122,True,2021-11-20 12:55:40,R_2auRhZphl6tEryV,,,,,38.658294677734375,-77.24810028076171875,anonymous,EN,25-29,Male,"Master's degree, Ph.D, or higher",InstaPro with No Sharing feature ($1/month),InstaPro with No Sharing + Metadata Only + Complete Control features ($3/month)|InstaPro with no add-ons (free)|InstaPro with No Sharing + Metadata Only features ($2/month)|InstaPro with No Sharing feature ($1/month),88,
2021-11-20 13:07:25,2021-11-20 13:08:39,IP Address,73.169.222.96,100,73,True,2021-11-20 13:08:40,R_3oLMLQhzZJ66uoY,,,,,47.601104736328125,-122.63050079345703125,anonymous,EN,25-29,Male,Bachelor's (or 4-year) degree,InstaPro with no add-ons (free),InstaPro with No Sharing feature ($1/month)|InstaPro with No Sharing + Metadata Only features ($2/month)|InstaPro with No Sharing + Metadata Only + Complete Control features ($3/month)|InstaPro with no add-ons (free),29,Treatment1
2021-11-20 13:27:19,2021-11-20 13:27:52,IP Address,107.77.207.182,100,32,True,2021-11-20 13:27:53,R_42BNRbHz9QlaT5v,,,,,41.87640380859375,-87.6132965087890625,anonymous,EN,35 or more than 35,Male,"Master's degree, Ph.D, or higher",InstaPro with no add-ons (free),InstaPro with No Sharing + Metadata Only features ($2/month)|InstaPro with no add-ons (free)|InstaPro with No Sharing + Metadata Only + Complete Control features ($3/month)|InstaPro with No Sharing feature ($1/month),40,Treatment1
2021-11-20 13:45:45,2021-11-20 13:47:01,IP Address,68.13.164.189,100,75,True,2021-11-20 13:47:01,R_2ylJjDdj6e5YyAu,,,,,41.232696533203125,-96.113800048828125,anonymous,EN,25-29,Female,Bachelor's (or 4-year) degree,InstaPro with no add-ons (free),InstaPro with No Sharing + Metadata Only + Complete Control features ($3/month)|InstaPro with No Sharing + Metadata Only features ($2/month)|InstaPro with no add-ons (free)|InstaPro with No Sharing feature ($1/month),97,
2021-11-20 13:50:01,2021-11-20 13:51:38,IP Address,38.69.57.229,100,97,True,2021-11-20 13:51:39,R_1I4nnHJwub42LJ3,,,,,42.05499267578125,-87.695098876953125,anonymous,EN,30-34,Female,Bachelor's (or 4-year) degree,InstaPro with no add-ons (free),InstaPro with no add-ons (free)|InstaPro with No Sharing + Metadata Only features ($2/month)|InstaPro with No Sharing feature ($1/month)|InstaPro with No Sharing + Metadata Only + Complete Control features ($3/month),58,Treatment2
2021-11-20 13:57:35,2021-11-20 13:58:00,IP Address,174.209.230.21,100,24,True,2021-11-20 13:58:00,R_1me1Sd84Da4YKZr,,,,,37.751007080078125,-97.82199859619140625,anonymous,EN,25-29,Female,Bachelor's (or 4-year) degree,InstaPro with no add-ons (free),InstaPro with No Sharing + Metadata Only + Complete Control features ($3/month)|InstaPro with no add-ons (free)|InstaPro with No Sharing + Metadata Only features ($2/month)|InstaPro with No Sharing feature ($1/month),39,Treatment2
2021-11-20 14:17:34,2021-11-20 14:19:08,IP Address,24.178.241.59,100,93,True,2021-11-20 14:19:08,R_09hEM1bDtZG2T7P,,,,,38.5792999267578125,-90.4219970703125,anonymous,EN,35 or more than 35,Female,"Master's degree, Ph.D, or higher",InstaPro with No Sharing + Metadata Only + Complete Control features ($3/month),InstaPro with No Sharing feature ($1/month)|InstaPro with no add-ons (free)|InstaPro with No Sharing + Metadata Only features ($2/month)|InstaPro with No Sharing + Metadata Only + Complete Control features ($3/month),72,Treatment1
2021-11-20 14:36:36,2021-11-20 14:37:09,IP Address,107.117.168.20,100,32,True,2021-11-20 14:37:09,R_21bPDUEdV6oTayZ,,,,,38.577392578125,-90.6708984375,anonymous,EN,25-29,Male,Bachelor's (or 4-year) degree,InstaPro with no add-ons (free),InstaPro with No Sharing + Metadata Only features ($2/month)|InstaPro with no add-ons (free)|InstaPro with No Sharing + Metadata Only + Complete Control features ($3/month)|InstaPro with No Sharing feature ($1/month),100,
2021-11-20 14:40:49,2021-11-20 14:41:34,IP Address,50.103.104.200,100,45,True,2021-11-20 14:41:34,R_AsTQad5oqN9wrkZ,,,,,40.1967926025390625,-88.3925018310546875,anonymous,EN,20-24,Female,Bachelor's (or 4-year) degree,InstaPro with no add-ons (free),InstaPro with No Sharing + Metadata Only features ($2/month)|InstaPro with no add-ons (free)|InstaPro with No Sharing feature ($1/month)|InstaPro with No Sharing + Metadata Only + Complete Control features ($3/month),32,Treatment3
2021-11-20 15:42:52,2021-11-20 15:44:36,IP Address,173.66.76.64,100,103,True,2021-11-20 15:44:37,R_3s6uLOUnVfhxnBe,,,,,38.8596954345703125,-77.197998046875,anonymous,EN,35 or more than 35,Female,Bachelor's (or 4-year) degree,InstaPro with no add-ons (free),InstaPro with No Sharing + Metadata Only features ($2/month)|InstaPro with No Sharing feature ($1/month)|InstaPro with No Sharing + Metadata Only + Complete Control features ($3/month)|InstaPro with no add-ons (free),4,Treatment1
2021-11-20 15:54:26,2021-11-20 15:55:53,IP Address,108.235.93.30,100,86,True,2021-11-20 15:55:53,R_1LAxQd1u7Vu2K8U,,,,,35.233795166015625,-97.4095001220703125,anonymous,EN,30-34,Male,Bachelor's (or 4-year) degree,InstaPro with no add-ons (free),InstaPro with no add-ons (free)|InstaPro with No Sharing feature ($1/month)|InstaPro with No Sharing + Metadata Only features ($2/month)|InstaPro with No Sharing + Metadata Only + Complete Control features ($3/month),95,
2021-11-20 16:03:29,2021-11-20 16:04:28,IP Address,37.19.213.19,100,59,True,2021-11-20 16:04:28,R_2rpXmEDnNFxrdTz,,,,,43.6226959228515625,-79.38919830322265625,anonymous,EN,20-24,Male,Bachelor's (or 4-year) degree,InstaPro with no add-ons (free),InstaPro with No Sharing feature ($1/month)|InstaPro with no add-ons (free)|InstaPro with No Sharing + Metadata Only + Complete Control features ($3/month)|InstaPro with No Sharing + Metadata Only features ($2/month),42,Treatment2
2021-11-20 16:08:59,2021-11-20 16:11:07,IP Address,174.86.138.244,100,128,True,2021-11-20 16:11:07,R_1doR8RlYslK5DTw,,,,,38.610107421875,-90.55999755859375,anonymous,EN,35 or more than 35,Female,Bachelor's (or 4-year) degree,InstaPro with No Sharing + Metadata Only features ($2/month),InstaPro with No Sharing feature ($1/month)|InstaPro with no add-ons (free)|InstaPro with No Sharing + Metadata Only + Complete Control features ($3/month)|InstaPro with No Sharing + Metadata Only features ($2/month),40,Treatment3
2021-11-20 16:48:02,2021-11-20 16:49:03,IP Address,104.28.77.41,100,60,True,2021-11-20 16:49:04,R_3M0ai1vtIcLIiVt,,,,,35.7704010009765625,-78.629302978515625,anonymous,EN,25-29,Female,Bachelor's (or 4-year) degree,InstaPro with no add-ons (free),InstaPro with No Sharing + Metadata Only features ($2/month)|InstaPro with no add-ons (free)|InstaPro with No Sharing feature ($1/month)|InstaPro with No Sharing + Metadata Only + Complete Control features ($3/month),4,Treatment2
2021-11-20 17:08:15,2021-11-20 17:08:49,IP Address,69.242.121.127,100,34,True,2021-11-20 17:08:50,R_2SoCrTAJbRgqbzZ,,,,,39.9828033447265625,-75.8238983154296875,anonymous,EN,25-29,Male,Bachelor's (or 4-year) degree,InstaPro with no add-ons (free),InstaPro with no add-ons (free)|InstaPro with No Sharing + Metadata Only features ($2/month)|InstaPro with No Sharing feature ($1/month)|InstaPro with No Sharing + Metadata Only + Complete Control features ($3/month),2,Treatment1
2021-11-20 17:26:24,2021-11-20 17:26:58,IP Address,69.226.238.188,100,34,True,2021-11-20 17:26:58,R_3iL3f1cgJLg02i8,,,,,36.1085052490234375,-86.7738037109375,anonymous,EN,25-29,Male,Bachelor's (or 4-year) degree,InstaPro with no add-ons (free),InstaPro with No Sharing + Metadata Only features ($2/month)|InstaPro with No Sharing + Metadata Only + Complete Control features ($3/month)|InstaPro with No Sharing feature ($1/month)|InstaPro with no add-ons (free),59,Treatment1
2021-11-20 17:14:24,2021-11-20 17:45:57,IP Address,47.5.64.23,100,1892,True,2021-11-20 17:45:58,R_3gNjvi2EMgv5yF1,,,,,38.447906494140625,-105.2205963134765625,anonymous,EN,25-29,Female,Bachelor's (or 4-year) degree,InstaPro with no add-ons (free),InstaPro with no add-ons (free)|InstaPro with No Sharing feature ($1/month)|InstaPro with No Sharing + Metadata Only features ($2/month)|InstaPro with No Sharing + Metadata Only + Complete Control features ($3/month),11,Treatment3
2021-11-20 18:55:38,2021-11-20 18:56:39,IP Address,174.101.51.104,100,61,True,2021-11-20 18:56:40,R_2CxlO4f9AUxYPhO,,,,,39.4521942138671875,-83.84100341796875,anonymous,EN,25-29,Female,Bachelor's (or 4-year) degree,InstaPro with No Sharing + Metadata Only + Complete Control features ($3/month),InstaPro with No Sharing + Metadata Only features ($2/month)|InstaPro with No Sharing + Metadata Only + Complete Control features ($3/month)|InstaPro with no add-ons (free)|InstaPro with No Sharing feature ($1/month),32,Treatment3
2021-11-20 19:00:56,2021-11-20 19:08:38,IP Address,172.58.47.25,100,461,True,2021-11-20 19:08:39,R_3EMB3FJ7UYYISAC,,,,,43.6165008544921875,-116.200103759765625,anonymous,EN,20-24,Female,Bachelor's (or 4-year) degree,InstaPro with no add-ons (free),InstaPro with No Sharing + Metadata Only + Complete Control features ($3/month)|InstaPro with no add-ons (free)|InstaPro with No Sharing + Metadata Only features ($2/month)|InstaPro with No Sharing feature ($1/month),11,Treatment2
2021-11-21 05:53:04,2021-11-21 05:57:06,IP Address,162.254.120.107,100,241,True,2021-11-21 05:57:06,R_RmZY7Bpl1UiD237,,,,,26.377105712890625,-81.7333984375,anonymous,EN,35 or more than 35,Male,Bachelor's (or 4-year) degree,,InstaPro with No Sharing + Metadata Only + Complete Control features ($3/month)|InstaPro with No Sharing feature ($1/month)|InstaPro with No Sharing + Metadata Only features ($2/month)|InstaPro with no add-ons (free),61,Treatment1
2021-11-21 05:57:23,2021-11-21 05:58:26,IP Address,162.254.120.107,100,62,True,2021-11-21 05:58:26,R_2U44AuAR3ZFpumZ,,,,,26.377105712890625,-81.7333984375,anonymous,EN,35 or more than 35,Male,Bachelor's (or 4-year) degree,InstaPro with No Sharing feature ($1/month),InstaPro with No Sharing + Metadata Only + Complete Control features ($3/month)|InstaPro with no add-ons (free)|InstaPro with No Sharing feature ($1/month)|InstaPro with No Sharing + Metadata Only features ($2/month),11,Treatment2
2021-11-21 06:29:19,2021-11-21 06:31:39,IP Address,108.207.149.193,100,140,True,2021-11-21 06:31:40,R_wSODGIJE5pyNiyR,,,,,38.6432952880859375,-90.25749969482421875,anonymous,EN,35 or more than 35,Female,Bachelor's (or 4-year) degree,InstaPro with No Sharing feature ($1/month),InstaPro with no add-ons (free)|InstaPro with No Sharing feature ($1/month)|InstaPro with No Sharing + Metadata Only + Complete Control features ($3/month)|InstaPro with No Sharing + Metadata Only features ($2/month),6,Treatment3
2021-11-21 06:48:28,2021-11-21 06:49:49,IP Address,96.239.24.171,100,81,True,2021-11-21 06:49:49,R_BVdh4nv66P57Neh,,,,,40.70989990234375,-73.95909881591796875,anonymous,EN,25-29,Male,Bachelor's (or 4-year) degree,InstaPro with no add-ons (free),InstaPro with No Sharing + Metadata Only + Complete Control features ($3/month)|InstaPro with No Sharing + Metadata Only features ($2/month)|InstaPro with No Sharing feature ($1/month)|InstaPro with no add-ons (free),36,Treatment2
2021-11-21 07:35:02,2021-11-21 07:36:57,IP Address,172.58.235.158,100,114,True,2021-11-21 07:36:57,R_2VIRUQ3CKE3JZqz,,,,,40.75970458984375,-74.18360137939453125,anonymous,EN,25-29,Female,Bachelor's (or 4-year) degree,InstaPro with no add-ons (free),InstaPro with No Sharing feature ($1/month)|InstaPro with No Sharing + Metadata Only features ($2/month)|InstaPro with no add-ons (free)|InstaPro with No Sharing + Metadata Only + Complete Control features ($3/month),53,Treatment1
2021-11-21 07:54:00,2021-11-21 07:55:07,IP Address,49.37.176.86,100,67,True,2021-11-21 07:55:07,R_3g1kAoJKXRfvqlS,,,,,12.9633941650390625,77.58551025390625,anonymous,EN,20-24,Female,Bachelor's (or 4-year) degree,InstaPro with No Sharing + Metadata Only + Complete Control features ($3/month),InstaPro with No Sharing + Metadata Only + Complete Control features ($3/month)|InstaPro with No Sharing feature ($1/month)|InstaPro with No Sharing + Metadata Only features ($2/month)|InstaPro with no add-ons (free),63,Treatment3
2021-11-21 14:00:22,2021-11-21 14:01:04,IP Address,172.250.121.65,100,42,True,2021-11-21 14:01:05,R_3NNYFpUrH57dZN7,,,,,34.0675048828125,-118.3520965576171875,anonymous,EN,25-29,Male,Bachelor's (or 4-year) degree,InstaPro with No Sharing feature ($1/month),InstaPro with No Sharing feature ($1/month)|InstaPro with No Sharing + Metadata Only features ($2/month)|InstaPro with No Sharing + Metadata Only + Complete Control features ($3/month)|InstaPro with no add-ons (free),77,
2021-11-22 02:33:51,2021-11-22 02:37:22,IP Address,23.84.208.182,100,211,True,2021-11-22 02:37:23,R_33wmYStRKhZ81po,,,,,38.6587066650390625,-90.46099853515625,anonymous,EN,35 or more than 35,Female,Bachelor's (or 4-year) degree,InstaPro with No Sharing + Metadata Only features ($2/month),InstaPro with no add-ons (free)|InstaPro with No Sharing feature ($1/month)|InstaPro with No Sharing + Metadata Only + Complete Control features ($3/month)|InstaPro with No Sharing + Metadata Only features ($2/month),83,
2021-11-22 09:59:59,2021-11-22 10:00:50,IP Address,166.205.107.39,100,50,True,2021-11-22 10:00:50,R_1E5nLG8ut8fQ6C8,,,,,33.8159942626953125,-117.96920013427734375,anonymous,EN,30-34,Female,"Master's degree, Ph.D, or higher",InstaPro with No Sharing feature ($1/month),InstaPro with No Sharing + Metadata Only + Complete Control features ($3/month)|InstaPro with no add-ons (free)|InstaPro with No Sharing feature ($1/month)|InstaPro with No Sharing + Metadata Only features ($2/month),51,Treatment2
2021-11-23 10:00:04,2021-11-23 10:00:54,IP Address,136.58.104.66,100,50,True,2021-11-23 10:00:55,R_DzLPhb6IJ8pqxsB,,,,,36.1515045166015625,-86.79199981689453125,anonymous,EN,25-29,Female,Bachelor's (or 4-year) degree,InstaPro with no add-ons (free),InstaPro with No Sharing feature ($1/month)|InstaPro with no add-ons (free)|InstaPro with No Sharing + Metadata Only features ($2/month)|InstaPro with No Sharing + Metadata Only + Complete Control features ($3/month),18,Treatment1
2021-11-23 12:44:45,2021-11-23 12:46:29,IP Address,24.207.252.152,100,103,True,2021-11-23 12:46:29,R_qWVphMTOM8j7E7D,,,,,38.6620025634765625,-90.28890228271484375,anonymous,EN,25-29,Female,Bachelor's (or 4-year) degree,InstaPro with No Sharing + Metadata Only + Complete Control features ($3/month),InstaPro with No Sharing feature ($1/month)|InstaPro with No Sharing + Metadata Only + Complete Control features ($3/month)|InstaPro with no add-ons (free)|InstaPro with No Sharing + Metadata Only features ($2/month),72,Treatment3
2021-11-24 09:04:38,2021-11-24 09:08:31,IP Address,107.77.210.63,100,232,True,2021-11-24 09:08:31,R_2atQZ2YEGEpI6kr,,,,,41.87640380859375,-87.6132965087890625,anonymous,EN,25-29,Male,Bachelor's (or 4-year) degree,InstaPro with No Sharing + Metadata Only + Complete Control features ($3/month),InstaPro with no add-ons (free)|InstaPro with No Sharing + Metadata Only + Complete Control features ($3/month)|InstaPro with No Sharing + Metadata Only features ($2/month)|InstaPro with No Sharing feature ($1/month),42,Treatment1
2021-11-24 09:32:22,2021-11-24 09:33:16,IP Address,108.48.179.37,100,54,True,2021-11-24 09:33:17,R_DGCzOu22wY6isUx,,,,,39.1089935302734375,-77.2489013671875,anonymous,EN,25-29,Female,"Master's degree, Ph.D, or higher",InstaPro with No Sharing feature ($1/month),InstaPro with No Sharing feature ($1/month)|InstaPro with No Sharing + Metadata Only + Complete Control features ($3/month)|InstaPro with No Sharing + Metadata Only features ($2/month)|InstaPro with no add-ons (free),57,Treatment2
2021-11-24 12:48:09,2021-11-24 12:49:10,IP Address,184.166.98.45,100,60,True,2021-11-24 12:49:10,R_3hFNB4Twu2GpS4C,,,,,46.852203369140625,-114.02140045166015625,anonymous,EN,35 or more than 35,Male,Bachelor's (or 4-year) degree,InstaPro with no add-ons (free),InstaPro with No Sharing + Metadata Only + Complete Control features ($3/month)|InstaPro with No Sharing + Metadata Only features ($2/month)|InstaPro with No Sharing feature ($1/month)|InstaPro with no add-ons (free),78,
2021-11-24 13:33:43,2021-11-24 13:34:50,IP Address,75.172.127.74,100,66,True,2021-11-24 13:34:50,R_1Dr11FXBXZILgod,,,,,47.6732940673828125,-122.3426055908203125,anonymous,EN,25-29,Male,"Master's degree, Ph.D, or higher",InstaPro with no add-ons (free),InstaPro with no add-ons (free)|InstaPro with No Sharing + Metadata Only features ($2/month)|InstaPro with No Sharing + Metadata Only + Complete Control features ($3/month)|InstaPro with No Sharing feature ($1/month),85,
2021-11-24 19:04:36,2021-11-24 19:05:35,IP Address,71.61.250.218,100,58,True,2021-11-24 19:05:35,R_2w4WIKq7lSL6v57,,,,,40.4488067626953125,-79.9951019287109375,anonymous,EN,25-29,Female,Bachelor's (or 4-year) degree,InstaPro with no add-ons (free),InstaPro with no add-ons (free)|InstaPro with No Sharing + Metadata Only features ($2/month)|InstaPro with No Sharing feature ($1/month)|InstaPro with No Sharing + Metadata Only + Complete Control features ($3/month),14,Treatment3
2021-11-18 11:43:56,2021-11-18 11:44:08,IP Address,128.237.82.12,11,11,False,2021-11-25 11:44:12,R_z23m73n1a3hb985,,,,,,,anonymous,EN,,,,,,,
2021-11-18 11:59:08,2021-11-18 11:59:37,IP Address,172.58.184.0,44,28,False,2021-11-25 11:59:39,R_01vMPdpad9dPbNf,,,,,,,anonymous,EN,25-29,Female,"Master's degree, Ph.D, or higher",,,,
2021-11-18 13:23:37,2021-11-18 13:47:30,IP Address,73.141.195.98,89,1432,False,2021-11-25 13:47:31,R_1LUyOH0V959ALhM,,,,,,,anonymous,EN,30-34,Male,"Master's degree, Ph.D, or higher",,,22,Treatment2
2021-11-18 14:23:27,2021-11-18 14:24:02,IP Address,73.154.179.207,89,35,False,2021-11-25 14:24:04,R_BxjZMzon4h4tI4h,,,,,,,anonymous,EN,25-29,Female,Bachelor's (or 4-year) degree,,,72,Treatment3
2021-11-18 14:39:27,2021-11-18 14:40:02,IP Address,74.111.97.194,78,34,False,2021-11-25 14:40:07,R_UAu5JLDXOykbnH3,,,,,,,anonymous,EN,30-34,Male,"Master's degree, Ph.D, or higher",,,11,Treatment2
2021-11-18 14:49:51,2021-11-18 14:49:53,IP Address,98.111.206.159,11,2,False,2021-11-25 14:49:57,R_29p61un2hysPF7Z,,,,,,,anonymous,EN,,,,,,,
2021-11-25 15:04:54,2021-11-25 15:15:42,IP Address,71.61.179.142,100,648,True,2021-11-25 15:15:43,R_1QG9iL1oxuCvOOg,,,,,40.432403564453125,-79.9246978759765625,anonymous,EN,25-29,Male,"Master's degree, Ph.D, or higher",InstaPro with No Sharing + Metadata Only + Complete Control features ($3/month),InstaPro with No Sharing feature ($1/month)|InstaPro with no add-ons (free)|InstaPro with No Sharing + Metadata Only + Complete Control features ($3/month)|InstaPro with No Sharing + Metadata Only features ($2/month),60,Treatment1
2021-11-18 15:45:53,2021-11-18 15:46:36,IP Address,73.169.249.116,44,42,False,2021-11-25 15:46:38,R_2do6l8JzMBj0BQs,,,,,,,anonymous,EN,25-29,Male,Bachelor's (or 4-year) degree,,,,
2021-11-18 14:11:47,2021-11-18 16:52:35,IP Address,73.169.249.116,11,9648,False,2021-11-25 16:52:38,R_1QhYwKsS1rEuzHr,,,,,,,anonymous,EN,,,,,,,
2021-11-18 17:43:12,2021-11-18 17:43:57,IP Address,172.58.140.205,89,44,False,2021-11-25 17:44:03,R_PB6gElAZLTYbS7v,,,,,,,anonymous,EN,25-29,Male,"Master's degree, Ph.D, or higher",,,47,Treatment3
2021-11-18 18:02:14,2021-11-18 18:02:45,IP Address,107.77.225.202,89,30,False,2021-11-25 18:02:50,R_2UVkVlvbN0LRj1g,,,,,,,anonymous,EN,20-24,Female,"Master's degree, Ph.D, or higher",,,56,Treatment1
2021-11-18 18:53:20,2021-11-18 18:53:40,IP Address,71.206.247.6,89,19,False,2021-11-25 18:53:45,R_2EA9z09WPUlMosA,,,,,,,anonymous,EN,20-24,Female,Bachelor's (or 4-year) degree,,,42,Treatment1
2021-11-18 19:46:25,2021-11-18 19:47:22,IP Address,36.255.87.180,11,56,False,2021-11-25 19:47:26,R_vHMHqPIh19v7njz,,,,,,,anonymous,EN,,,,,,,
2021-11-18 19:32:41,2021-11-18 19:47:52,IP Address,73.79.137.172,44,911,False,2021-11-25 19:48:00,R_3esn8SrBaaHb32b,,,,,,,anonymous,EN,25-29,Female,"Master's degree, Ph.D, or higher",,,,
2021-11-18 20:09:18,2021-11-18 20:09:52,IP Address,67.171.67.40,89,34,False,2021-11-25 20:09:53,R_ePxmIZLF44ReNwd,,,,,,,anonymous,EN,20-24,Male,"Master's degree, Ph.D, or higher",,,48,Treatment2
2021-11-18 21:12:25,2021-11-18 21:12:45,IP Address,110.172.187.182,44,19,False,2021-11-25 21:12:46,R_2D7a3jUeXHNLe8f,,,,,,,anonymous,EN,25-29,Male,Bachelor's (or 4-year) degree,,,,
2021-11-18 22:18:16,2021-11-18 22:18:48,IP Address,36.255.85.237,44,32,False,2021-11-25 22:18:50,R_dm75VWKU8qPPPON,,,,,,,anonymous,EN,25-29,Male,Bachelor's (or 4-year) degree,,,,
2021-11-18 22:28:18,2021-11-18 22:28:22,IP Address,116.68.75.138,11,3,False,2021-11-25 22:28:27,R_ZDFGSXW3AVBEWl3,,,,,,,anonymous,EN,,,,,,,
2021-11-19 00:45:26,2021-11-19 00:45:57,IP Address,193.148.18.102,44,30,False,2021-11-26 00:46:02,R_1KlQipnDcjcgUUc,,,,,,,anonymous,EN,25-29,Male,High school diploma,,,,
2021-11-19 18:03:38,2021-11-19 18:03:54,IP Address,172.56.13.13,44,15,False,2021-11-26 18:03:59,R_10Bf2EfENDsF2UO,,,,,,,anonymous,EN,25-29,Female,Bachelor's (or 4-year) degree,,,,
2021-11-26 19:48:55,2021-11-26 19:49:47,IP Address,64.9.239.17,100,52,True,2021-11-26 19:49:48,R_db5ESk1ISpEOR5n,,,,,41.87640380859375,-87.6132965087890625,anonymous,EN,30-34,Male,"Master's degree, Ph.D, or higher",InstaPro with no add-ons (free),InstaPro with no add-ons (free)|InstaPro with No Sharing + Metadata Only + Complete Control features ($3/month)|InstaPro with No Sharing feature ($1/month)|InstaPro with No Sharing + Metadata Only features ($2/month),80,
2021-11-27 01:50:53,2021-11-27 01:52:01,IP Address,37.19.218.148,100,68,True,2021-11-27 01:52:02,R_2ByWj5iE3acn7ke,,,,,50.4579925537109375,30.530303955078125,anonymous,EN,25-29,Male,Bachelor's (or 4-year) degree,InstaPro with No Sharing + Metadata Only + Complete Control features ($3/month),InstaPro with No Sharing + Metadata Only features ($2/month)|InstaPro with no add-ons (free)|InstaPro with No Sharing + Metadata Only + Complete Control features ($3/month)|InstaPro with No Sharing feature ($1/month),6,Treatment2
2021-11-20 12:44:08,2021-11-20 12:44:24,IP Address,107.77.210.57,44,16,False,2021-11-27 12:44:29,R_2dj5VMe9yAbRBUf,,,,,,,anonymous,EN,25-29,Male,Bachelor's (or 4-year) degree,,,,
2021-11-20 13:28:07,2021-11-20 13:28:32,IP Address,66.10.166.29,89,24,False,2021-11-27 13:28:35,R_1MQV8xVh35x8AO2,,,,,,,anonymous,EN,30-34,Female,"Master's degree, Ph.D, or higher",,,46,Treatment3
2021-11-20 13:38:04,2021-11-20 13:39:25,IP Address,45.31.181.24,89,80,False,2021-11-27 13:39:33,R_9NqDxuYYVPVaRqN,,,,,,,anonymous,EN,30-34,Male,"Master's degree, Ph.D, or higher",,,93,
2021-11-20 14:42:28,2021-11-20 14:42:51,IP Address,184.169.45.4,11,22,False,2021-11-27 14:42:53,R_1rlCmuMUU4HmNRc,,,,,,,anonymous,EN,,,,,,,
2021-11-27 15:06:19,2021-11-27 15:07:48,IP Address,73.27.134.231,100,89,True,2021-11-27 15:07:48,R_3OdblQ4E0TlN74G,,,,,27.0601959228515625,-82.353302001953125,anonymous,EN,35 or more than 35,Female,"Master's degree, Ph.D, or higher",InstaPro with no add-ons (free),InstaPro with No Sharing + Metadata Only features ($2/month)|InstaPro with No Sharing + Metadata Only + Complete Control features ($3/month)|InstaPro with No Sharing feature ($1/month)|InstaPro with no add-ons (free),83,
2021-11-27 18:21:54,2021-11-27 18:24:19,IP Address,73.27.134.231,100,145,True,2021-11-27 18:24:19,R_3kBevIQ88i14yan,,,,,27.0601959228515625,-82.353302001953125,anonymous,EN,35 or more than 35,Male,"Master's degree, Ph.D, or higher",InstaPro with No Sharing feature ($1/month),InstaPro with no add-ons (free)|InstaPro with No Sharing feature ($1/month)|InstaPro with No Sharing + Metadata Only features ($2/month)|InstaPro with No Sharing + Metadata Only + Complete Control features ($3/month),62,Treatment3
2021-11-28 14:41:16,2021-11-28 14:41:46,IP Address,100.6.155.243,100,30,True,2021-11-28 14:41:47,R_31oQcOHTj5y02jn,,,,,40.3964996337890625,-80.04419708251953125,anonymous,EN,20-24,Female,Bachelor's (or 4-year) degree,InstaPro with no add-ons (free),InstaPro with No Sharing + Metadata Only features ($2/month)|InstaPro with no add-ons (free)|InstaPro with No Sharing + Metadata Only + Complete Control features ($3/month)|InstaPro with No Sharing feature ($1/month),32,Treatment1
2021-11-28 17:38:52,2021-11-28 17:41:09,IP Address,128.2.149.108,100,136,True,2021-11-28 17:41:09,R_1mL6DTP73woIMGR,,,,,40.4394989013671875,-79.94300079345703125,anonymous,EN,35 or more than 35,Male,"Master's degree, Ph.D, or higher",InstaPro with No Sharing feature ($1/month),InstaPro with No Sharing + Metadata Only + Complete Control features ($3/month)|InstaPro with No Sharing + Metadata Only features ($2/month)|InstaPro with no add-ons (free)|InstaPro with No Sharing feature ($1/month),90,
2021-11-21 18:13:44,2021-11-21 18:15:07,IP Address,24.2.127.196,11,82,False,2021-11-28 18:15:17,R_p4uZxm0BKSbwpgZ,,,,,,,anonymous,EN,,,,,,,
2021-11-21 18:51:11,2021-11-21 18:51:25,IP Address,99.46.237.92,11,13,False,2021-11-28 18:51:28,R_R4xgNBsaWzv8CFr,,,,,,,anonymous,EN,,,,,,,
2021-11-28 19:15:09,2021-11-28 19:16:25,IP Address,68.3.249.148,100,75,True,2021-11-28 19:16:25,R_2R9Ae3FHytLnTpw,,,,,33.3907928466796875,-111.91840362548828125,anonymous,EN,25-29,Male,Bachelor's (or 4-year) degree,InstaPro with no add-ons (free),InstaPro with No Sharing + Metadata Only + Complete Control features ($3/month)|InstaPro with no add-ons (free)|InstaPro with No Sharing feature ($1/month)|InstaPro with No Sharing + Metadata Only features ($2/month),21,Treatment2
2021-11-28 20:12:41,2021-11-28 20:18:42,IP Address,104.28.76.231,100,360,True,2021-11-28 20:18:42,R_4ZMc9tGyvYUGo6J,,,,,38.8939971923828125,-77.0364990234375,anonymous,EN,25-29,Male,Bachelor's (or 4-year) degree,InstaPro with No Sharing + Metadata Only + Complete Control features ($3/month),InstaPro with No Sharing feature ($1/month)|InstaPro with no add-ons (free)|InstaPro with No Sharing + Metadata Only + Complete Control features ($3/month)|InstaPro with No Sharing + Metadata Only features ($2/month),62,Treatment3
2021-11-28 20:19:37,2021-11-28 20:20:41,IP Address,107.77.206.44,100,63,True,2021-11-28 20:20:41,R_10HQX0pci4AiiPe,,,,,41.87640380859375,-87.6132965087890625,anonymous,EN,25-29,Female,Bachelor's (or 4-year) degree,InstaPro with no add-ons (free),InstaPro with No Sharing + Metadata Only + Complete Control features ($3/month)|InstaPro with no add-ons (free)|InstaPro with No Sharing + Metadata Only features ($2/month)|InstaPro with No Sharing feature ($1/month),11,Treatment1
2021-11-28 20:22:14,2021-11-28 20:23:33,IP Address,107.77.210.53,100,78,True,2021-11-28 20:23:33,R_3pbQnBchRuswiel,,,,,41.87640380859375,-87.6132965087890625,anonymous,EN,25-29,Male,Bachelor's (or 4-year) degree,InstaPro with No Sharing + Metadata Only features ($2/month),InstaPro with No Sharing + Metadata Only + Complete Control features ($3/month)|InstaPro with no add-ons (free)|InstaPro with No Sharing + Metadata Only features ($2/month)|InstaPro with No Sharing feature ($1/month),60,Treatment2
2021-11-29 08:31:22,2021-11-29 08:32:09,IP Address,73.125.241.87,100,47,True,2021-11-29 08:32:09,R_2VIvQKjxG9rUbO6,,,,,26.1864013671875,-80.12850189208984375,anonymous,EN,35 or more than 35,Female,"Master's degree, Ph.D, or higher",InstaPro with no add-ons (free),InstaPro with No Sharing + Metadata Only + Complete Control features ($3/month)|InstaPro with No Sharing + Metadata Only features ($2/month)|InstaPro with No Sharing feature ($1/month)|InstaPro with no add-ons (free),67,Treatment1
2021-11-29 08:36:35,2021-11-29 08:38:03,IP Address,107.77.232.20,100,87,True,2021-11-29 08:38:03,R_br4eWWGxhZXwjuh,,,,,33.748504638671875,-84.3871002197265625,anonymous,EN,35 or more than 35,Female,Other,InstaPro with no add-ons (free),InstaPro with No Sharing + Metadata Only features ($2/month)|InstaPro with No Sharing feature ($1/month)|InstaPro with no add-ons (free)|InstaPro with No Sharing + Metadata Only + Complete Control features ($3/month),87,
2021-11-29 08:40:35,2021-11-29 08:42:00,IP Address,73.187.49.210,100,85,True,2021-11-29 08:42:01,R_3foCeHvDi0jWYSt,,,,,39.9055938720703125,-76.605499267578125,anonymous,EN,30-34,Female,"Master's degree, Ph.D, or higher",InstaPro with No Sharing feature ($1/month),InstaPro with no add-ons (free)|InstaPro with No Sharing + Metadata Only features ($2/month)|InstaPro with No Sharing + Metadata Only + Complete Control features ($3/month)|InstaPro with No Sharing feature ($1/month),45,Treatment3
2021-11-29 08:41:50,2021-11-29 08:42:51,IP Address,72.168.142.123,100,60,True,2021-11-29 08:42:51,R_2bT1qQOUVqzyAIp,,,,,38.3715972900390625,-78.29900360107421875,anonymous,EN,35 or more than 35,Female,Bachelor's (or 4-year) degree,InstaPro with no add-ons (free),InstaPro with No Sharing + Metadata Only features ($2/month)|InstaPro with No Sharing + Metadata Only + Complete Control features ($3/month)|InstaPro with No Sharing feature ($1/month)|InstaPro with no add-ons (free),45,Treatment2
2021-11-29 08:52:33,2021-11-29 08:53:57,IP Address,199.193.150.3,100,83,True,2021-11-29 08:53:57,R_2TyDUNqIekEUDWG,,,,,39.5995025634765625,-78.846099853515625,anonymous,EN,35 or more than 35,Female,"Master's degree, Ph.D, or higher",InstaPro with No Sharing + Metadata Only + Complete Control features ($3/month),InstaPro with No Sharing + Metadata Only features ($2/month)|InstaPro with no add-ons (free)|InstaPro with No Sharing + Metadata Only + Complete Control features ($3/month)|InstaPro with No Sharing feature ($1/month),52,Treatment1
2021-11-29 08:58:55,2021-11-29 09:00:15,IP Address,71.15.58.250,100,80,True,2021-11-29 09:00:15,R_3fleSyQy0LN1O0l,,,,,38.697601318359375,-90.3603973388671875,anonymous,EN,35 or more than 35,Male,"Master's degree, Ph.D, or higher",,InstaPro with No Sharing + Metadata Only + Complete Control features ($3/month)|InstaPro with no add-ons (free)|InstaPro with No Sharing + Metadata Only features ($2/month)|InstaPro with No Sharing feature ($1/month),83,
2021-11-29 09:30:50,2021-11-29 09:33:10,IP Address,159.250.147.174,100,139,True,2021-11-29 09:33:10,R_3EETwAodDLwbRFX,,,,,39.5995025634765625,-78.846099853515625,anonymous,EN,35 or more than 35,Female,Bachelor's (or 4-year) degree,InstaPro with No Sharing + Metadata Only + Complete Control features ($3/month),InstaPro with No Sharing feature ($1/month)|InstaPro with no add-ons (free)|InstaPro with No Sharing + Metadata Only features ($2/month)|InstaPro with No Sharing + Metadata Only + Complete Control features ($3/month),15,Treatment3
2021-11-29 09:33:08,2021-11-29 09:34:32,IP Address,73.174.42.174,100,83,True,2021-11-29 09:34:32,R_3fUEkHB2YaxNLwV,,,,,39.6497955322265625,-78.935699462890625,anonymous,EN,35 or more than 35,Male,"Master's degree, Ph.D, or higher",InstaPro with no add-ons (free),InstaPro with no add-ons (free)|InstaPro with No Sharing + Metadata Only features ($2/month)|InstaPro with No Sharing + Metadata Only + Complete Control features ($3/month)|InstaPro with No Sharing feature ($1/month),74,Treatment2
2021-11-29 09:34:52,2021-11-29 09:35:44,IP Address,100.15.212.42,100,52,True,2021-11-29 09:35:44,R_2B4k3c58to1lvCO,,,,,38.937896728515625,-77.08589935302734375,anonymous,EN,35 or more than 35,Male,"Master's degree, Ph.D, or higher",InstaPro with no add-ons (free),InstaPro with No Sharing + Metadata Only + Complete Control features ($3/month)|InstaPro with No Sharing + Metadata Only features ($2/month)|InstaPro with no add-ons (free)|InstaPro with No Sharing feature ($1/month),30,Treatment1
2021-11-29 09:43:16,2021-11-29 09:45:12,IP Address,107.77.203.167,100,115,True,2021-11-29 09:45:12,R_2AScEZoMUBmfuEO,,,,,39.2908935546875,-76.60959625244140625,anonymous,EN,35 or more than 35,Female,"Master's degree, Ph.D, or higher",InstaPro with no add-ons (free),InstaPro with No Sharing + Metadata Only features ($2/month)|InstaPro with no add-ons (free)|InstaPro with No Sharing + Metadata Only + Complete Control features ($3/month)|InstaPro with No Sharing feature ($1/month),82,
2021-11-29 09:45:18,2021-11-29 09:46:16,IP Address,96.244.92.248,100,57,True,2021-11-29 09:46:16,R_3j9AcsSivoTnOfQ,,,,,39.2812042236328125,-76.7406005859375,anonymous,EN,35 or more than 35,Female,"Master's degree, Ph.D, or higher",,InstaPro with No Sharing + Metadata Only + Complete Control features ($3/month)|InstaPro with No Sharing + Metadata Only features ($2/month)|InstaPro with No Sharing feature ($1/month)|InstaPro with no add-ons (free),61,Treatment2
2021-11-29 09:48:56,2021-11-29 09:49:40,IP Address,75.149.18.49,100,43,True,2021-11-29 09:49:41,R_2q45WTKiI1VwlQt,,,,,39.6497955322265625,-78.935699462890625,anonymous,EN,35 or more than 35,Female,"Master's degree, Ph.D, or higher",InstaPro with no add-ons (free),InstaPro with No Sharing + Metadata Only + Complete Control features ($3/month)|InstaPro with no add-ons (free)|InstaPro with No Sharing + Metadata Only features ($2/month)|InstaPro with No Sharing feature ($1/month),66,Treatment1
2021-11-29 10:42:29,2021-11-29 10:44:27,IP Address,107.77.204.182,100,117,True,2021-11-29 10:44:27,R_11XWuRZPhK0JrFI,,,,,39.2908935546875,-76.60959625244140625,anonymous,EN,35 or more than 35,Female,Bachelor's (or 4-year) degree,InstaPro with No Sharing + Metadata Only + Complete Control features ($3/month),InstaPro with No Sharing feature ($1/month)|InstaPro with No Sharing + Metadata Only features ($2/month)|InstaPro with no add-ons (free)|InstaPro with No Sharing + Metadata Only + Complete Control features ($3/month),72,Treatment3
2021-11-29 10:50:31,2021-11-29 10:51:37,IP Address,71.61.250.176,100,66,True,2021-11-29 10:51:37,R_20OpD3fQqk6vFKV,,,,,40.4488067626953125,-79.9951019287109375,anonymous,EN,25-29,Female,Bachelor's (or 4-year) degree,InstaPro with no add-ons (free),InstaPro with no add-ons (free)|InstaPro with No Sharing feature ($1/month)|InstaPro with No Sharing + Metadata Only + Complete Control features ($3/month)|InstaPro with No Sharing + Metadata Only features ($2/month),45,Treatment3
2021-11-29 10:50:22,2021-11-29 10:52:30,IP Address,128.2.149.7,100,128,True,2021-11-29 10:52:31,R_21tBE3QYpMnIkuh,,,,,40.4394989013671875,-79.94300079345703125,anonymous,EN,25-29,Male,Bachelor's (or 4-year) degree,InstaPro with No Sharing feature ($1/month),InstaPro with No Sharing + Metadata Only + Complete Control features ($3/month)|InstaPro with no add-ons (free)|InstaPro with No Sharing feature ($1/month)|InstaPro with No Sharing + Metadata Only features ($2/month),48,Treatment2
2021-11-29 10:50:27,2021-11-29 10:54:11,IP Address,128.237.82.11,100,224,True,2021-11-29 10:54:11,R_25RR8VWy6aFL0sU,,,,,40.4441986083984375,-79.9557037353515625,anonymous,EN,30-34,Male,"Master's degree, Ph.D, or higher",InstaPro with no add-ons (free),InstaPro with no add-ons (free)|InstaPro with No Sharing feature ($1/month)|InstaPro with No Sharing + Metadata Only features ($2/month)|InstaPro with No Sharing + Metadata Only + Complete Control features ($3/month),57,Treatment1
2021-11-29 11:01:44,2021-11-29 11:02:58,IP Address,74.98.228.53,100,74,True,2021-11-29 11:02:59,R_1puH33Nxux0mq0a,,,,,40.472503662109375,-79.91089630126953125,anonymous,EN,35 or more than 35,Male,Bachelor's (or 4-year) degree,InstaPro with no add-ons (free),InstaPro with No Sharing feature ($1/month)|InstaPro with no add-ons (free)|InstaPro with No Sharing + Metadata Only + Complete Control features ($3/month)|InstaPro with No Sharing + Metadata Only features ($2/month),22,Treatment1
2021-11-29 11:03:32,2021-11-29 11:05:53,IP Address,67.171.73.144,100,141,True,2021-11-29 11:05:53,R_Zgk3UZB5JigeZTr,,,,,40.472503662109375,-79.91089630126953125,anonymous,EN,35 or more than 35,Male,Bachelor's (or 4-year) degree,InstaPro with no add-ons (free),InstaPro with No Sharing + Metadata Only + Complete Control features ($3/month)|InstaPro with no add-ons (free)|InstaPro with No Sharing feature ($1/month)|InstaPro with No Sharing + Metadata Only features ($2/month),75,Treatment2
2021-11-29 11:06:28,2021-11-29 11:07:55,IP Address,107.77.225.183,100,87,True,2021-11-29 11:07:56,R_ymwoQdY3cyAS4vf,,,,,40.75030517578125,-74.00140380859375,anonymous,EN,20-24,Male,Bachelor's (or 4-year) degree,InstaPro with no add-ons (free),InstaPro with No Sharing + Metadata Only + Complete Control features ($3/month)|InstaPro with No Sharing feature ($1/month)|InstaPro with no add-ons (free)|InstaPro with No Sharing + Metadata Only features ($2/month),58,Treatment3
2021-11-29 11:26:59,2021-11-29 11:28:01,IP Address,174.207.231.28,100,61,True,2021-11-29 11:28:01,R_2X0AVrH7Ka5IWkX,,,,,39.643798828125,-84.1743011474609375,anonymous,EN,35 or more than 35,Female,Bachelor's (or 4-year) degree,InstaPro with no add-ons (free),InstaPro with No Sharing feature ($1/month)|InstaPro with no add-ons (free)|InstaPro with No Sharing + Metadata Only + Complete Control features ($3/month)|InstaPro with No Sharing + Metadata Only features ($2/month),34,Treatment1
2021-11-29 11:29:03,2021-11-29 11:32:09,IP Address,74.140.59.223,100,185,True,2021-11-29 11:32:10,R_3Hi7rsKxkEMuduL,,,,,40.293792724609375,-83.07440185546875,anonymous,EN,25-29,Female,"Master's degree, Ph.D, or higher",InstaPro with no add-ons (free),InstaPro with No Sharing + Metadata Only + Complete Control features ($3/month)|InstaPro with No Sharing + Metadata Only features ($2/month)|InstaPro with no add-ons (free)|InstaPro with No Sharing feature ($1/month),65,Treatment3
2021-11-29 12:46:06,2021-11-29 12:46:49,IP Address,108.18.107.181,100,43,True,2021-11-29 12:46:50,R_3GjgNhSzzjwFaij,,,,,38.8809967041015625,-77.136199951171875,anonymous,EN,35 or more than 35,Female,"Master's degree, Ph.D, or higher",InstaPro with no add-ons (free),InstaPro with no add-ons (free)|InstaPro with No Sharing + Metadata Only + Complete Control features ($3/month)|InstaPro with No Sharing + Metadata Only features ($2/month)|InstaPro with No Sharing feature ($1/month),25,Treatment2
2021-11-29 10:51:37,2021-11-29 12:59:48,IP Address,128.237.82.3,100,7690,True,2021-11-29 12:59:48,R_3rZC2aF4WooWNDY,,,,,40.4441986083984375,-79.9557037353515625,anonymous,EN,25-29,Male,"Master's degree, Ph.D, or higher",InstaPro with no add-ons (free),InstaPro with no add-ons (free)|InstaPro with No Sharing + Metadata Only + Complete Control features ($3/month)|InstaPro with No Sharing + Metadata Only features ($2/month)|InstaPro with No Sharing feature ($1/month),7,Treatment2
2021-11-29 13:00:39,2021-11-29 13:02:03,IP Address,172.58.190.177,100,83,True,2021-11-29 13:02:04,R_1OD28HKaIyJ7U5A,,,,,38.9091033935546875,-77.02030181884765625,anonymous,EN,35 or more than 35,Male,Bachelor's (or 4-year) degree,InstaPro with no add-ons (free),InstaPro with no add-ons (free)|InstaPro with No Sharing + Metadata Only features ($2/month)|InstaPro with No Sharing + Metadata Only + Complete Control features ($3/month)|InstaPro with No Sharing feature ($1/month),98,
2021-11-29 13:50:17,2021-11-29 13:52:37,IP Address,76.114.170.77,100,139,True,2021-11-29 13:52:37,R_2pPrx1lzOhajz1q,,,,,39.2292938232421875,-76.69069671630859375,anonymous,EN,35 or more than 35,Male,"Master's degree, Ph.D, or higher",InstaPro with no add-ons (free),InstaPro with No Sharing + Metadata Only + Complete Control features ($3/month)|InstaPro with No Sharing feature ($1/month)|InstaPro with no add-ons (free)|InstaPro with No Sharing + Metadata Only features ($2/month),15,Treatment3
2021-11-29 14:02:14,2021-11-29 14:03:39,IP Address,74.140.59.223,100,85,True,2021-11-29 14:03:39,R_W67p9vxuT06cgLf,,,,,40.293792724609375,-83.07440185546875,anonymous,EN,30-34,Male,Bachelor's (or 4-year) degree,InstaPro with no add-ons (free),InstaPro with No Sharing + Metadata Only + Complete Control features ($3/month)|InstaPro with No Sharing + Metadata Only features ($2/month)|InstaPro with No Sharing feature ($1/month)|InstaPro with no add-ons (free),2,Treatment1
2021-11-29 14:50:31,2021-11-29 14:53:00,IP Address,107.77.235.111,100,149,True,2021-11-29 14:53:00,R_3CKjMxJC7O69qgt,,,,,37.751007080078125,-97.82199859619140625,anonymous,EN,35 or more than 35,Female,"Master's degree, Ph.D, or higher",InstaPro with no add-ons (free),InstaPro with no add-ons (free)|InstaPro with No Sharing + Metadata Only + Complete Control features ($3/month)|InstaPro with No Sharing feature ($1/month)|InstaPro with No Sharing + Metadata Only features ($2/month),30,Treatment1
2021-11-29 17:25:45,2021-11-29 17:26:45,IP Address,76.189.37.207,100,59,True,2021-11-29 17:26:45,R_3jdoljFZSSNyEMi,,,,,41.1609954833984375,-80.6855010986328125,anonymous,EN,25-29,Female,Bachelor's (or 4-year) degree,InstaPro with no add-ons (free),InstaPro with no add-ons (free)|InstaPro with No Sharing + Metadata Only features ($2/month)|InstaPro with No Sharing feature ($1/month)|InstaPro with No Sharing + Metadata Only + Complete Control features ($3/month),29,Treatment3
2021-11-29 17:28:34,2021-11-29 17:29:28,IP Address,76.189.37.207,100,54,True,2021-11-29 17:29:29,R_AKU4K7Tttv4bJsJ,,,,,41.1609954833984375,-80.6855010986328125,anonymous,EN,25-29,Male,High school diploma,InstaPro with no add-ons (free),InstaPro with No Sharing + Metadata Only features ($2/month)|InstaPro with No Sharing + Metadata Only + Complete Control features ($3/month)|InstaPro with no add-ons (free)|InstaPro with No Sharing feature ($1/month),86,
2021-11-29 17:30:08,2021-11-29 17:31:21,IP Address,73.79.138.234,100,72,True,2021-11-29 17:31:21,R_3OewJfexj40fLV2,,,,,40.432403564453125,-79.9246978759765625,anonymous,EN,30-34,Male,"Master's degree, Ph.D, or higher",InstaPro with No Sharing feature ($1/month),InstaPro with No Sharing + Metadata Only + Complete Control features ($3/month)|InstaPro with No Sharing feature ($1/month)|InstaPro with No Sharing + Metadata Only features ($2/month)|InstaPro with no add-ons (free),80,
2021-11-29 18:20:15,2021-11-29 18:20:45,IP Address,66.190.131.187,100,29,True,2021-11-29 18:20:46,R_3plOFoUhNIFq7pl,,,,,38.6663970947265625,-90.32199859619140625,anonymous,EN,30-34,Male,Bachelor's (or 4-year) degree,InstaPro with no add-ons (free),InstaPro with no add-ons (free)|InstaPro with No Sharing + Metadata Only + Complete Control features ($3/month)|InstaPro with No Sharing feature ($1/month)|InstaPro with No Sharing + Metadata Only features ($2/month),12,Treatment2
2021-11-29 09:10:05,2021-11-30 08:46:32,IP Address,100.15.212.42,100,84987,True,2021-11-30 08:46:32,R_31S4nF0cGmJ0Rdo,,,,,38.937896728515625,-77.08589935302734375,anonymous,EN,35 or more than 35,Female,"Master's degree, Ph.D, or higher",InstaPro with no add-ons (free),InstaPro with No Sharing feature ($1/month)|InstaPro with No Sharing + Metadata Only features ($2/month)|InstaPro with No Sharing + Metadata Only + Complete Control features ($3/month)|InstaPro with no add-ons (free),33,Treatment3
2021-11-30 10:29:13,2021-11-30 10:30:25,IP Address,73.27.56.246,100,72,True,2021-11-30 10:30:26,R_2azt6eV8wRMqdFy,,,,,27.0738067626953125,-82.17620086669921875,anonymous,EN,35 or more than 35,Female,Bachelor's (or 4-year) degree,InstaPro with No Sharing + Metadata Only + Complete Control features ($3/month),InstaPro with no add-ons (free)|InstaPro with No Sharing feature ($1/month)|InstaPro with No Sharing + Metadata Only + Complete Control features ($3/month)|InstaPro with No Sharing + Metadata Only features ($2/month),33,Treatment1
2021-11-30 13:47:17,2021-11-30 13:48:34,IP Address,73.27.101.244,100,76,True,2021-11-30 13:48:34,R_28SVMlq9oYlF5SM,,,,,27.095001220703125,-82.4485015869140625,anonymous,EN,35 or more than 35,Male,Bachelor's (or 4-year) degree,InstaPro with no add-ons (free),InstaPro with No Sharing + Metadata Only + Complete Control features ($3/month)|InstaPro with No Sharing + Metadata Only features ($2/month)|InstaPro with no add-ons (free)|InstaPro with No Sharing feature ($1/month),22,Treatment2
2021-11-30 16:53:07,2021-11-30 16:55:04,IP Address,108.22.201.222,100,117,True,2021-11-30 16:55:04,R_VX63aYORCjlisvv,,,,,39.4441986083984375,-77.33930206298828125,anonymous,EN,35 or more than 35,Female,"Master's degree, Ph.D, or higher",InstaPro with no add-ons (free),InstaPro with no add-ons (free)|InstaPro with No Sharing feature ($1/month)|InstaPro with No Sharing + Metadata Only features ($2/month)|InstaPro with No Sharing + Metadata Only + Complete Control features ($3/month),75,Treatment1
2021-11-23 21:01:22,2021-11-23 21:01:26,IP Address,172.58.63.44,11,3,False,2021-11-30 21:01:27,R_1NVCAPxWROAvxaV,,,,,,,anonymous,EN,,,,,,,
2021-12-01 15:22:41,2021-12-01 15:25:20,IP Address,110.172.187.182,100,158,True,2021-12-01 15:25:21,R_22ApiVmfNtuJMD2,,,,,10.7848968505859375,78.672088623046875,anonymous,EN,25-29,Male,Bachelor's (or 4-year) degree,InstaPro with No Sharing feature ($1/month),InstaPro with No Sharing + Metadata Only features ($2/month)|InstaPro with no add-ons (free)|InstaPro with No Sharing feature ($1/month)|InstaPro with No Sharing + Metadata Only + Complete Control features ($3/month),1,Treatment2
2021-11-24 15:27:54,2021-11-24 15:28:03,IP Address,128.2.149.254,11,9,False,2021-12-01 15:28:08,R_2b4abFNMKEt6rUr,,,,,,,anonymous,EN,,,,,,,
2021-12-02 10:57:32,2021-12-02 11:02:55,IP Address,172.58.188.212,100,323,True,2021-12-02 11:02:56,R_3QWUkmquZE80ZPW,,,,,38.9521942138671875,-77.025299072265625,anonymous,EN,35 or more than 35,Male,"Master's degree, Ph.D, or higher",,InstaPro with No Sharing + Metadata Only features ($2/month)|InstaPro with No Sharing feature ($1/month)|InstaPro with No Sharing + Metadata Only + Complete Control features ($3/month)|InstaPro with no add-ons (free),42,Treatment3
2021-12-02 12:41:19,2021-12-02 12:44:54,IP Address,172.58.188.212,100,214,True,2021-12-02 12:44:55,R_2zj92Gv3stgDDm2,,,,,38.9521942138671875,-77.025299072265625,anonymous,EN,35 or more than 35,Female,"Master's degree, Ph.D, or higher",InstaPro with no add-ons (free),InstaPro with No Sharing + Metadata Only features ($2/month)|InstaPro with no add-ons (free)|InstaPro with No Sharing + Metadata Only + Complete Control features ($3/month)|InstaPro with No Sharing feature ($1/month),13,Treatment1
2021-12-02 20:26:54,2021-12-02 20:27:59,IP Address,8.3.81.216,100,65,True,2021-12-02 20:28:00,R_2y8XjJuo3XvD9zT,,,,,38.920806884765625,-77.03600311279296875,anonymous,EN,25-29,Female,Bachelor's (or 4-year) degree,InstaPro with no add-ons (free),InstaPro with no add-ons (free)|InstaPro with No Sharing feature ($1/month)|InstaPro with No Sharing + Metadata Only features ($2/month)|InstaPro with No Sharing + Metadata Only + Complete Control features ($3/month),69,Treatment2
